timestamp,open,high,low,close,volume,source
1775062800000,68800.3,69152.8,68228.8,68232.5,58.181926019999366,trades
1775066400000,68231.9,68303.0,67945.9,68064.7,93.3503358700002,trades
1775070000000,68064.8,68264.3,68016.2,68162.5,54.765490649999926,trades
1775073600000,68159.2,68238.4,67971.9,68176.2,91.19414094999988,trades
1775077200000,68176.2,68518.7,68161.6,68398.8,60.34778081999901,trades
1775080800000,68373.1,68373.1,68075.1,68117.8,39.25664873000002,trades
1775084400000,68113.2,68227.4,67999.4,68098.5,38.126883070000005,trades
1775088000000,68098.5,68632.7,68054.6,68596.4,70.09570014999993,trades
1775091600000,68596.4,68596.4,67034.2,67333.7,257.39642827000694,trades
1775095200000,67349.1,67349.1,66639.8,66861.5,129.16380012000172,trades
1775098800000,66861.5,66962.0,66500.0,66579.3,72.05833712999994,trades
1775102400000,66579.3,66632.6,66218.7,66326.2,75.79332893000019,trades
1775106000000,66326.2,66620.4,66307.2,66591.9,51.85267203999978,trades
1775109600000,66591.9,66802.5,66536.2,66655.1,29.907604910000032,trades
1775113200000,66655.1,66924.1,66564.0,66916.9,35.52058402,trades
1775116800000,66916.9,66916.9,66400.0,66426.1,30.56425783,trades
1775120400000,66426.2,66484.9,66300.0,66449.3,29.17218100000009,trades
1775124000000,66449.2,66483.3,66214.1,66439.2,36.2384724599998,trades
1775127600000,66439.7,66455.3,66135.7,66223.4,73.65817253000021,trades
1775131200000,66203.5,66227.4,65950.0,66024.6,91.66340941000028,trades
1775134800000,66024.7,66258.9,65688.2,66251.9,154.14241245000133,trades
1775138400000,66252.0,67069.6,66168.0,66861.2,318.04552488999474,trades
1775142000000,66861.2,66962.9,66635.0,66828.0,99.3231858400003,trades
1775145600000,66828.0,67273.8,66753.0,67094.3,96.9580105500003,trades
1775149200000,67094.3,67408.5,66669.1,66675.8,125.4773950900006,trades
1775152800000,66675.8,67048.9,66590.6,66970.4,36.621485789999845,trades
1775156400000,66970.4,67088.4,66888.0,66969.0,52.4380559600001,trades
1775160000000,66975.6,67098.0,66798.0,66933.1,52.51393849000015,trades
1775163600000,66933.1,66999.5,66738.1,66918.0,20.58142241999992,trades
1775167200000,66918.0,67028.9,66841.4,66978.1,28.90008613999992,trades
1775170800000,66978.1,67068.0,66858.0,66880.8,75.44940989999988,trades
1775174400000,66885.7,66975.0,66715.1,66768.0,77.88501378000011,trades
1775178000000,66768.0,66884.8,66500.0,66618.0,107.71639140000022,trades
1775181600000,66618.0,66723.0,66288.0,66512.9,126.45943048000072,trades
1775185200000,66513.0,66693.0,66498.0,66574.1,28.74050186999996,trades
1775188800000,66573.1,66676.4,66513.0,66604.8,29.535152810000035,trades
1775192400000,66603.1,66796.5,66430.1,66588.0,44.2525424799998,trades
1775196000000,66588.0,66782.6,66571.3,66778.6,39.17523721999997,trades
1775199600000,66778.6,67234.9,66763.2,67029.7,76.60548664999982,trades
1775203200000,67029.7,67271.5,66918.0,66963.0,16.992673499999878,trades
1775206800000,66963.0,66978.0,66753.0,66844.9,22.22550060999989,trades
1775210400000,66845.0,66885.7,66695.0,66885.7,16.941413989999973,trades
1775214000000,66885.7,67033.9,66827.0,66999.6,30.435589709999977,trades
1775217600000,66999.6,67369.0,66619.9,66723.1,70.46112537999979,trades
1775221200000,66723.1,66723.1,66531.6,66661.6,33.07649946000001,trades
1775224800000,66661.6,66975.0,66633.0,66925.9,113.3191031800008,trades
1775228400000,66925.4,67000.0,66814.0,66819.2,68.60892535999974,trades
1775232000000,66820.5,67050.0,66820.4,67005.1,76.33927385999998,trades
1775235600000,67005.1,67061.5,66768.1,66830.4,160.9850128600011,trades
1775239200000,66830.5,66926.2,66777.0,66801.1,52.17647679999988,trades
1775242800000,66805.8,66887.3,66763.1,66878.6,69.02505609999987,trades
1775246400000,66878.6,66903.0,66835.0,66835.1,66.66550728,trades
1775250000000,66835.1,66959.3,66835.0,66959.2,29.85022664000002,trades
1775253600000,66959.3,66959.3,66847.1,66884.3,33.91371523000022,trades
1775257200000,66881.7,66933.0,66828.1,66933.0,13.644873009999964,trades
1775260800000,66932.9,66936.9,66883.0,66883.0,5.620177230000016,trades
1775264400000,66883.1,66896.3,66834.0,66843.5,14.060894729999978,trades
1775268000000,66843.5,66896.3,66816.6,66816.7,7.366686500000005,trades
1775271600000,66816.7,66896.2,66816.7,66843.1,4.690543099999991,trades
1775275200000,66843.1,66870.5,66790.0,66858.8,26.162138469999988,trades
1775278800000,66858.8,66929.1,66855.4,66912.9,119.92850837000012,trades
1775282400000,66903.5,67023.0,66898.8,67013.9,49.268927579999904,trades
1775286000000,67014.0,67033.8,66948.1,67022.9,73.84011375000003,trades
1775289600000,67022.9,67033.8,66918.0,66918.1,10.509147089999953,trades
1775293200000,66918.1,66978.0,66918.1,66958.4,12.576229939999973,trades
1775296800000,66958.4,67174.9,66918.0,67151.2,38.05676406999995,trades
1775300400000,67151.3,67203.0,67087.8,67121.9,37.35861053999992,trades
1775304000000,67128.0,67151.8,67060.0,67080.6,21.268653880000016,trades
1775307600000,67080.6,67259.2,67069.1,67174.1,34.703971249999974,trades
1775311200000,67184.2,67213.0,67033.9,67200.0,33.04715930999996,trades
1775314800000,67200.0,67500.0,67179.8,67361.9,71.32310483999964,trades
1775318400000,67362.0,67501.3,67323.0,67361.0,38.038980599999896,trades
1775322000000,67361.0,67394.1,67300.0,67310.6,71.82897164999994,trades
1775325600000,67310.7,67350.0,67264.0,67293.0,15.42217888,trades
1775329200000,67293.0,67534.0,67278.0,67283.0,19.186616369999943,trades
1775332800000,67283.1,67283.1,67189.7,67258.8,57.32458842999998,trades
1775336400000,67258.9,67459.1,67203.2,67347.2,41.84639241999991,trades
1775340000000,67347.3,67443.0,67338.0,67375.5,25.438296339999937,trades
1775343600000,67375.5,67377.5,67258.5,67283.8,21.76832060999999,trades
1775347200000,67283.8,67283.8,67158.1,67188.3,29.97912833999996,trades
1775350800000,67179.0,67202.6,67080.0,67082.1,18.421009709999968,trades
1775354400000,67080.1,67143.0,66968.4,67141.9,28.874669140000044,trades
1775358000000,67142.0,67154.9,67098.0,67113.0,9.119675299999985,trades
1775361600000,67113.0,67160.0,67058.6,67087.5,8.586407309999997,trades
1775365200000,67087.5,67123.2,66895.0,66910.3,11.953877889999994,trades
1775368800000,66910.3,66933.6,66618.0,66802.9,47.54371147999994,trades
1775372400000,66800.1,66888.0,66712.3,66797.9,9.85430004000001,trades
1775376000000,66798.0,66915.6,66798.0,66915.6,30.86965959,trades
1775379600000,66915.6,67029.4,66900.8,67029.4,26.275257000000003,trades
1775383200000,67029.4,67109.8,66953.3,67027.4,60.86820269999981,trades
1775386800000,67028.5,67070.8,66951.4,66960.9,76.54614765999985,trades
1775390400000,66960.9,66960.9,66694.6,66760.1,29.04068231,trades
1775394000000,66760.1,66887.8,66690.0,66880.8,16.492401739999945,trades
1775397600000,66880.8,66939.7,66811.0,66910.3,42.41795086999989,trades
1775401200000,66910.4,67819.9,66810.8,67273.7,154.6523784700021,trades
1775404800000,67273.8,67376.1,67166.2,67183.8,25.85024533000001,trades
1775408400000,67183.8,67373.4,67171.1,67332.3,12.041003939999976,trades
1775412000000,67342.2,67424.9,67249.5,67380.7,46.53518265999987,trades
1775415600000,67380.7,67518.9,67272.5,67330.7,73.40599885999994,trades
1775419200000,67330.7,67681.6,67329.4,67629.2,33.318717789999894,trades
1775422800000,67629.3,67641.5,67414.4,67508.9,20.363041099999908,trades
1775426400000,67508.9,68332.1,67343.8,68321.1,163.97483059000123,trades
1775430000000,68321.2,69098.9,68255.4,68983.7,154.76849187000244,trades
1775433600000,68983.8,69555.0,68983.8,69054.3,200.4887616600052,trades
1775437200000,69054.3,69096.9,68771.1,68771.1,61.42839998999977,trades
1775440800000,68771.2,69372.6,68771.2,69184.6,52.01592625999964,trades
1775444400000,69180.2,69220.0,69043.9,69087.9,27.28295728999998,trades
1775448000000,69088.0,69188.3,68970.0,69115.3,17.26176054999991,trades
1775451600000,69115.3,69211.7,69080.4,69176.8,37.240846560000016,trades
1775455200000,69176.8,69323.9,68800.2,68950.1,89.8070074100002,trades
1775458800000,68950.1,69179.1,68822.7,69075.2,26.88958910999986,trades
1775462400000,69075.2,69311.4,69072.6,69208.0,30.89798398999993,trades
1775466000000,69208.0,70250.0,69201.4,69714.1,191.26989523000373,trades
1775469600000,69714.3,69945.0,69696.6,69748.9,72.76023870000037,trades
1775473200000,69748.9,69748.9,69578.0,69593.4,19.4089148499999,trades
1775476800000,69596.4,69620.4,69333.4,69356.8,43.66500075000003,trades
1775480400000,69356.9,69550.0,69246.9,69394.3,27.04833944999978,trades
1775484000000,69409.4,69812.1,69167.1,69665.4,108.61888908000068,trades
1775487600000,69665.4,69971.0,69551.5,69971.0,109.47578153,trades
1775491200000,69970.4,70463.7,69809.9,69813.9,370.4492142499958,trades
1775494800000,69814.0,69814.0,69278.4,69570.7,100.54726926000043,trades
1775498400000,69570.8,69950.0,69489.4,69899.4,58.20165720000004,trades
1775502000000,69899.4,69913.3,69601.9,69730.0,81.91163938000034,trades
1775505600000,69731.8,69988.3,69628.8,69850.5,78.85913970000013,trades
1775509200000,69850.6,69850.6,69445.6,69519.7,24.136615959999983,trades
1775512800000,69519.3,69577.8,68826.5,68826.5,93.11294147000012,trades
1775516400000,68826.5,68910.1,68350.0,68861.4,117.87315351000105,trades
1775520000000,68861.3,69142.3,68731.0,68768.0,59.06309009999961,trades
1775523600000,68766.5,68888.5,68350.1,68410.1,48.831464519999535,trades
1775527200000,68410.1,68700.0,68300.0,68677.4,24.52002997999993,trades
1775530800000,68677.4,68796.4,68623.7,68779.5,27.31520627999993,trades
1775534400000,68779.5,68962.9,68540.1,68871.6,29.96806892999985,trades
1775538000000,68871.6,68871.6,68616.3,68644.4,57.47613757999966,trades
1775541600000,68658.4,68658.4,68439.4,68571.6,27.782280159999893,trades
1775545200000,68571.6,68700.6,68499.0,68623.0,36.68670822000005,trades
1775548800000,68623.1,68990.4,68616.6,68946.4,21.935978369999923,trades
1775552400000,68946.4,69259.4,68946.3,69156.4,63.85287720000004,trades
1775556000000,69156.5,69198.7,68196.9,68230.1,68.28589512,trades
1775559600000,68230.1,68439.2,68067.7,68347.9,100.22654951000024,trades
1775563200000,68348.0,68618.4,68073.3,68379.7,40.908951219999935,trades
1775566800000,68379.8,68629.8,68200.0,68240.4,46.19376956999981,trades
1775570400000,68240.4,68240.4,67752.7,67863.4,75.31198241000071,trades
1775574000000,67863.5,68237.1,67734.9,68155.6,70.65431446999992,trades
1775577600000,68155.7,68442.8,68079.6,68222.9,70.32103549000014,trades
1775581200000,68222.9,68989.5,68195.9,68703.0,90.6245111600006,trades
1775584800000,68703.0,68750.0,68350.2,68428.8,26.876996739999928,trades
1775588400000,68433.6,69059.9,68352.6,69015.8,76.98109003000005,trades
1775592000000,69008.0,69529.7,69008.0,69303.6,133.64001251000118,trades
1775595600000,69303.8,70189.4,69303.8,69912.7,137.71814612000065,trades
1775599200000,69914.4,71498.0,69914.4,71498.0,434.4111940599893,trades
1775602800000,71498.0,72728.0,71199.7,71925.0,408.3869798399931,trades
1775606400000,71925.0,72109.8,71542.4,71688.2,109.1523825300003,trades
1775610000000,71688.3,71735.0,71442.1,71461.8,49.77863535999969,trades
1775613600000,71458.8,71700.0,71238.3,71337.9,55.62381855999973,trades
1775617200000,71338.0,71474.3,71277.1,71288.7,51.95294206999981,trades
1775620800000,71288.7,71664.9,71288.6,71570.3,53.13852565999979,trades
1775624400000,71569.0,71808.7,71549.2,71706.9,41.27370721999997,trades
1775628000000,71706.9,71919.0,71588.0,71713.3,37.153292989999954,trades
1775631600000,71713.4,71890.0,71575.6,71620.0,55.61614615999985,trades
1775635200000,71620.0,71821.3,71620.0,71785.0,28.395374370000003,trades
1775638800000,71785.0,71990.4,71591.7,71674.1,19.80833589999997,trades
1775642400000,71674.2,71770.0,71473.5,71491.9,11.419794179999936,trades
1775646000000,71491.9,71710.0,71425.0,71670.8,38.09686824999994,trades
1775649600000,71670.8,72160.0,71590.0,72074.6,90.07163877999999,trades
1775653200000,72074.6,72850.0,71496.9,71610.2,318.3368625199907,trades
1775656800000,71610.3,71739.2,70703.0,70884.9,149.9645035200028,trades
1775660400000,70885.0,71350.0,70840.0,71294.5,77.61264252999975,trades
1775664000000,71294.5,71688.2,71244.4,71611.4,87.97831318999984,trades
1775667600000,71611.4,71963.0,71508.0,71899.7,77.45247893,trades
1775671200000,71899.7,71899.7,71082.7,71106.5,141.26307581000046,trades
1775674800000,71104.4,71384.2,71014.1,71327.1,75.95893274999973,trades
1775678400000,71322.4,71489.9,71282.3,71382.2,35.03142093999992,trades
1775682000000,71382.4,71755.0,71348.0,71550.7,47.742904499999845,trades
1775685600000,71550.7,71571.4,71088.6,71088.7,24.93971197999991,trades
1775689200000,71088.7,71199.5,70908.1,71109.0,90.40446275000056,trades
1775692800000,71090.2,71145.8,70643.6,70826.8,34.573255289999885,trades
1775696400000,70826.8,70943.8,70465.1,70917.1,41.312260839999965,trades
1775700000000,70917.1,71182.5,70817.3,71038.9,73.75330122999983,trades
1775703600000,71041.7,71105.2,70857.1,70994.3,23.79097404999993,trades
1775707200000,70994.4,71010.7,70756.7,70793.5,14.557781259999969,trades
1775710800000,70793.6,71083.7,70714.4,70976.3,39.5104922999999,trades
1775714400000,70976.3,71076.0,70842.0,71037.3,22.216838579999944,trades
1775718000000,71037.4,71116.3,70964.7,70988.4,14.025732589999931,trades
1775721600000,70988.7,71385.3,70896.2,71263.7,73.56027746000018,trades
1775725200000,71263.7,71567.7,71116.6,71527.8,36.83929174000003,trades
1775728800000,71543.3,71543.3,71297.7,71299.6,16.596885929999964,trades
1775732400000,71299.6,71343.0,71071.4,71154.3,53.69501549000001,trades
1775736000000,71154.3,71328.2,71045.9,71271.6,22.344421509999915,trades
1775739600000,71271.7,71350.0,70638.5,70806.7,33.17456521000009,trades
1775743200000,70806.7,71242.3,70536.3,71129.4,65.44638851999986,trades
1775746800000,71131.9,72356.6,70948.9,72122.3,202.25061944000527,trades
1775750400000,72141.7,72407.6,71743.2,72078.8,184.3738487500026,trades
1775754000000,72082.6,72544.9,72079.8,72352.0,112.9332252900005,trades
1775757600000,72352.0,72370.4,71744.0,71901.2,62.13853222999926,trades
1775761200000,71901.2,72295.4,71762.0,72126.8,67.66568194999962,trades
1775764800000,72112.7,72462.7,72000.5,72434.1,95.91415517000024,trades
1775768400000,72434.1,72709.0,72162.9,72250.0,92.84290981000056,trades
1775772000000,72250.1,73130.5,71967.3,71967.3,169.58374292000406,trades
1775775600000,71967.3,72022.4,71588.6,71803.5,70.52362318999975,trades
1775779200000,71803.5,72024.5,71592.4,71960.3,48.11020164999968,trades
1775782800000,71960.4,72387.5,71688.8,72160.6,50.62303937999975,trades
1775786400000,72160.7,72279.7,71938.0,71952.0,15.841063759999944,trades
1775790000000,71952.0,72011.4,71824.4,71868.4,20.4818844899999,trades
1775793600000,71868.4,72210.1,71840.0,72112.0,13.56862281999995,trades
1775797200000,72121.6,72266.9,72019.5,72131.8,21.577922569999995,trades
1775800800000,72131.8,72174.8,71809.1,71826.0,14.265128089999976,trades
1775804400000,71826.0,71844.5,71429.8,71483.9,23.258374069999952,trades
1775808000000,71483.9,71750.0,71446.0,71611.4,219.7589179400016,trades
1775811600000,71611.4,71869.1,71596.0,71797.1,51.53362270999993,trades
1775815200000,71797.1,71924.1,71723.6,71924.0,43.02831770000014,trades
1775818800000,71924.1,72270.2,71924.0,72135.9,123.71624677000024,trades
1775822400000,72135.9,72460.0,72039.9,72268.5,62.925110419999776,trades
1775826000000,72269.8,72429.7,71925.4,72334.0,147.73241408000123,trades
1775829600000,72333.5,73163.9,72291.1,72953.4,281.6412470199981,trades
1775833200000,72947.4,73320.0,72381.7,72441.3,154.44168872000287,trades
1775836800000,72456.4,73069.1,72424.1,73012.0,74.43315432999982,trades
1775840400000,73012.0,73148.1,72829.2,73126.7,76.13820809999997,trades
1775844000000,73126.7,73167.5,72924.9,73138.5,62.83150232999945,trades
1775847600000,73138.6,73278.8,72926.6,73268.1,83.23033469000005,trades
1775851200000,73268.1,73455.0,73090.5,73393.1,164.013067110003,trades
1775854800000,73393.1,73393.1,72990.2,73207.1,42.30482582999995,trades
1775858400000,73207.1,73276.1,72781.5,72904.0,52.659871509999945,trades
1775862000000,72904.0,72974.1,72825.3,72973.8,26.926044680000064,trades
1775865600000,72973.8,72973.8,72827.7,72864.6,21.892713079999883,trades
1775869200000,72864.3,73025.3,72712.7,72962.0,19.794414519999947,trades
1775872800000,72965.7,73132.1,72950.7,73012.9,31.99026199000004,trades
1775876400000,73013.0,73100.0,72869.4,72896.1,7.940550550000008,trades
1775880000000,72896.2,72984.6,72734.2,72837.3,72.58404019000045,trades
1775883600000,72837.3,72871.8,72726.4,72758.5,12.102335729999936,trades
1775887200000,72758.5,72808.2,72645.8,72806.5,30.610531749999936,trades
1775890800000,72806.5,72866.9,72698.5,72761.5,13.198327249999975,trades
1775894400000,72774.7,72835.7,72688.2,72722.1,17.187613449999972,trades
1775898000000,72722.1,72951.3,72664.1,72944.1,31.68270286000007,trades
1775901600000,72944.2,72948.3,72817.0,72877.5,19.12662945999996,trades
1775905200000,72877.5,72945.3,72870.1,72932.9,16.28010044999999,trades
1775908800000,72932.9,73011.3,72850.0,72973.4,20.811437599999994,trades
1775912400000,72973.4,72973.4,72578.8,72712.4,175.6294382200005,trades
1775916000000,72712.5,72805.7,72655.5,72757.4,119.22359185999991,trades
1775919600000,72750.1,72910.0,72706.9,72901.2,14.36892557999996,trades
1775923200000,72901.2,73238.7,72856.4,73068.1,49.1251280499996,trades
1775926800000,73068.1,73192.9,73000.0,73105.2,16.41355184999994,trades
1775930400000,73105.2,73750.0,73091.0,73549.3,122.42673114000048,trades
1775934000000,73555.0,73800.0,73494.3,73695.4,62.61621345999956,trades
1775937600000,73695.4,73715.0,73272.2,73343.5,73.41821161999978,trades
1775941200000,73343.5,73550.1,73209.0,73456.1,49.338531319999824,trades
1775944800000,73456.1,73596.2,73278.6,73406.4,33.19777499000001,trades
1775948400000,73406.4,73406.4,72948.3,73060.6,42.904427169999806,trades
1775952000000,73060.6,73139.1,72928.9,73097.1,15.386744559999949,trades
1775955600000,73097.2,73150.0,71334.5,71663.5,269.2942042300019,trades
1775959200000,71663.6,71998.9,71380.3,71800.9,74.01893532999986,trades
1775962800000,71800.9,71893.3,71627.0,71627.2,77.39398040000017,trades
1775966400000,71627.2,71700.0,71472.6,71503.6,35.346195359999896,trades
1775970000000,71503.7,71806.8,71464.9,71740.0,19.89388801000001,trades
1775973600000,71740.0,71781.0,71675.6,71684.5,19.48938678999997,trades
1775977200000,71685.8,71776.4,71620.1,71730.0,26.44257070999999,trades
1775980800000,71730.1,71814.9,71650.0,71650.1,19.74811669999999,trades
1775984400000,71655.0,71655.0,71548.3,71571.7,19.817063730000008,trades
1775988000000,71571.7,71700.0,71400.0,71486.0,25.84508009999994,trades
1775991600000,71486.0,71557.0,71421.8,71499.1,55.01259175999976,trades
1775995200000,71499.1,71534.6,71103.8,71133.0,95.77158675000004,trades
1775998800000,71133.1,71185.6,70901.0,70911.4,85.14186667000033,trades
1776002400000,70911.4,71106.9,70711.8,70778.7,136.73870725000057,trades
1776006000000,70778.8,70957.7,70650.0,70911.0,65.5768489399993,trades
1776009600000,70917.7,70971.2,70848.4,70964.0,31.33696468999993,trades
1776013200000,70964.0,71222.0,70938.5,71150.0,37.50714961999995,trades
1776016800000,71163.1,71223.5,71089.8,71171.5,33.80380820999996,trades
1776020400000,71171.5,71253.7,71113.5,71119.9,34.05147466000003,trades
1776024000000,71119.9,71470.1,70970.9,71365.1,63.342524409999776,trades
1776027600000,71365.1,71467.9,71195.1,71357.8,28.22952472999998,trades
1776031200000,71379.1,71379.1,70517.7,70922.8,113.62703825000014,trades
1776034800000,70922.9,70922.9,70575.0,70754.1,35.362571069999866,trades
1776038400000,70754.1,71259.4,70630.4,71180.8,57.34260924999963,trades
1776042000000,71180.8,71238.7,71052.4,71204.5,22.839618509999944,trades
1776045600000,71204.6,71271.3,71007.5,71070.5,14.145989859999965,trades
1776049200000,71070.5,71150.0,70938.6,71001.4,12.372741039999918,trades
1776052800000,71001.4,71139.8,70858.8,70912.7,30.87192256000005,trades
1776056400000,70902.2,70913.0,70688.2,70873.8,21.484747910000014,trades
1776060000000,70879.9,71099.9,70879.9,71050.1,13.60655986999996,trades
1776063600000,71050.1,71060.0,70701.8,70832.3,32.64326994000001,trades
1776067200000,70832.4,70854.8,70595.6,70683.1,67.60475011000007,trades
1776070800000,70683.2,70900.0,70683.2,70790.0,12.466761329999915,trades
1776074400000,70790.0,70845.7,70691.6,70737.7,41.30749721000005,trades
1776078000000,70737.7,71001.7,70737.7,70948.1,19.936748919999943,trades
1776081600000,70948.1,71216.6,70777.6,71105.4,61.2659875000002,trades
1776085200000,71105.4,71710.3,70833.3,71658.1,216.1968563800044,trades
1776088800000,71658.1,72435.1,71438.6,72435.1,293.1513897799987,trades
1776092400000,72435.1,72492.7,71690.1,71897.0,112.15836592000036,trades
1776096000000,71894.8,72450.0,71729.5,72234.0,118.43704018000076,trades
1776099600000,72234.0,72626.0,72105.5,72183.6,80.5917863799998,trades
1776103200000,72183.6,72505.3,72095.7,72458.2,49.0653026199997,trades
1776106800000,72458.2,73499.0,72327.0,73351.8,265.8631828700027,trades
1776110400000,73366.2,73421.9,73044.4,73202.5,67.1580688699992,trades
1776114000000,73202.5,73384.4,73129.2,73229.4,44.69268026999964,trades
1776117600000,73229.5,74747.9,73205.9,74657.5,352.6099494399952,trades
1776121200000,74657.5,74966.2,74440.9,74441.7,187.23653185000376,trades
1776124800000,74441.2,74529.9,74121.2,74161.0,80.75705506999971,trades
1776128400000,74174.5,74459.8,74025.7,74421.3,70.42183040999996,trades
1776132000000,74421.3,74592.8,74322.8,74370.4,30.511358279999964,trades
1776135600000,74370.4,74530.5,74300.1,74463.8,45.652845629999824,trades
1776139200000,74463.8,74529.3,74378.1,74401.2,18.270692699999888,trades
1776142800000,74401.2,74439.6,74195.2,74214.8,77.94119461999973,trades
1776146400000,74214.8,74580.6,74214.7,74555.9,40.75323916999981,trades
1776150000000,74556.0,74950.0,74396.2,74563.0,165.72952600000204,trades
1776153600000,74565.7,74924.7,74488.4,74782.5,53.74577778999948,trades
1776157200000,74782.6,74868.3,74477.5,74546.8,29.15366492999993,trades
1776160800000,74546.9,74643.1,74366.2,74395.4,32.68147455000003,trades
1776164400000,74395.5,74466.0,74342.6,74405.3,46.67247914999982,trades
1776168000000,74405.3,74497.9,74307.0,74465.3,32.71216044999991,trades
1776171600000,74465.4,75582.8,74461.3,75575.6,501.91143358999744,trades
1776175200000,75581.0,76088.3,75071.9,75071.9,681.1955033199871,trades
1776178800000,75071.9,75492.6,74615.9,75357.7,391.65070334002166,trades
1776182400000,75357.7,75715.6,74559.7,74657.1,134.65572094000086,trades
1776186000000,74683.4,74970.3,74289.1,74779.1,106.7175081199999,trades
1776189600000,74781.7,74848.3,73858.9,74127.2,145.41178104000096,trades
1776193200000,74127.2,74423.0,73947.1,74265.1,71.15496397999956,trades
1776196800000,74265.0,74467.5,74046.3,74110.0,124.59763883000004,trades
1776200400000,74110.0,74330.3,73994.8,74300.6,131.05348573000038,trades
1776204000000,74307.5,74399.9,73865.8,74061.0,48.880336129999975,trades
1776207600000,74056.1,74263.0,74028.1,74171.4,45.09531487999998,trades
1776211200000,74171.4,74706.6,74144.5,74612.2,57.85160436999976,trades
1776214800000,74590.5,74793.5,74544.5,74650.7,42.69649374999993,trades
1776218400000,74650.7,74729.1,74228.0,74350.1,36.647243269999976,trades
1776222000000,74350.1,74396.8,74208.9,74360.5,10.77563426999996,trades
1776225600000,74360.5,74458.9,74307.4,74362.6,21.39825562,trades
1776229200000,74366.7,74456.1,73915.7,74044.3,34.93684096000004,trades
1776232800000,74044.4,74044.4,73906.3,73906.4,31.59932205000004,trades
1776236400000,73906.4,74018.0,73558.1,73769.8,70.24051633999962,trades
1776240000000,73769.9,74209.7,73718.7,74141.3,38.141879709999934,trades
1776243600000,74141.3,74209.7,73932.7,74044.7,31.14398579000001,trades
1776247200000,74044.7,74253.4,73830.4,73876.3,29.739299769999857,trades
1776250800000,73876.4,74262.4,73876.3,74220.0,62.286455099999856,trades
1776254400000,74221.8,74469.1,74068.7,74307.3,47.23491649000016,trades
1776258000000,74307.3,74440.9,73845.3,74064.5,97.70568803000172,trades
1776261600000,74064.6,74522.6,73845.3,74146.4,242.93264298000616,trades
1776265200000,74146.5,74332.6,73610.3,73839.9,156.26450377000353,trades
1776268800000,73839.9,74164.3,73779.4,73936.5,37.575579059999846,trades
1776272400000,73936.6,74235.7,73936.3,74134.1,141.23916746000197,trades
1776276000000,74134.2,74400.0,74106.0,74396.3,225.12156909000387,trades
1776279600000,74396.4,75280.0,74377.3,75004.9,238.93957118000304,trades
1776283200000,75011.2,75037.3,74537.8,74870.4,126.17597275999988,trades
1776286800000,74870.5,74881.3,74547.8,74749.9,71.7607522200001,trades
1776290400000,74749.9,75438.8,74737.0,74980.6,82.4784774300002,trades
1776294000000,74990.3,74990.3,74650.0,74810.1,61.834676970000125,trades
1776297600000,74810.1,74856.0,74496.2,74815.3,84.82812585000018,trades
1776301200000,74819.9,74819.9,74475.0,74659.2,12.162045929999952,trades
1776304800000,74659.2,75253.1,74620.7,74919.1,88.56643020999994,trades
1776308400000,74913.6,75154.0,74887.3,74898.5,21.686473899999847,trades
1776312000000,74898.5,75167.7,74763.1,74963.5,50.26440635999976,trades
1776315600000,74963.6,75141.6,74921.9,75045.2,25.83249143999989,trades
1776319200000,75045.3,75100.0,74872.6,75028.9,31.892669929999933,trades
1776322800000,75029.0,75072.0,74656.9,74706.7,19.583223789999906,trades
1776326400000,74706.7,74745.1,74548.1,74676.3,114.97131214999932,trades
1776330000000,74676.3,74890.5,74599.6,74620.1,21.87582143999991,trades
1776333600000,74620.1,74642.2,74300.0,74317.2,132.47850458000184,trades
1776337200000,74317.2,74584.2,74302.2,74583.9,48.03651722999992,trades
1776340800000,74584.0,74854.5,74583.9,74630.8,55.571334119999946,trades
1776344400000,74630.8,75012.9,73310.6,73801.8,351.45639524999854,trades
1776348000000,73801.9,74185.4,73438.4,73969.9,373.33051194998745,trades
1776351600000,73973.8,74880.5,73951.5,74730.9,223.89700151000625,trades
1776355200000,74730.9,74933.7,74099.9,74206.0,139.68043252000234,trades
1776358800000,74206.0,74458.7,73942.3,74345.9,68.96269826000011,trades
1776362400000,74345.9,75102.9,74247.1,75051.4,188.03001535000072,trades
1776366000000,75048.7,75419.9,74757.0,75374.5,165.82256291000135,trades
1776369600000,75374.6,75500.0,75025.7,75246.7,129.22597862000055,trades
1776373200000,75246.8,75287.8,74825.9,74941.0,59.45999927000014,trades
1776376800000,74948.6,75121.1,74849.4,74875.0,18.093161519999985,trades
1776380400000,74875.0,75187.9,74864.2,75162.9,37.975471039999945,trades
1776384000000,75162.9,75168.4,74930.0,74987.6,26.48719937999996,trades
1776387600000,74982.1,75051.0,74580.7,74778.2,57.81214046999984,trades
1776391200000,74778.2,74799.9,74569.8,74699.6,11.742714769999996,trades
1776394800000,74699.6,74834.4,74630.1,74630.1,12.899020169999968,trades
1776398400000,74630.1,74849.9,74617.0,74787.5,9.770508969999987,trades
1776402000000,74787.6,74804.1,74574.4,74665.0,23.29204598,trades
1776405600000,74665.0,74952.6,74635.6,74935.6,31.15000676999989,trades
1776409200000,74939.9,75090.5,74939.9,75064.0,19.67547288999991,trades
1776412800000,75071.1,75882.7,75008.4,75755.2,94.95179550000005,trades
1776416400000,75769.9,76384.3,75538.6,75799.3,239.4238475200028,trades
1776420000000,75795.3,75900.0,75126.2,75299.6,137.63222422000086,trades
1776423600000,75299.7,75620.6,75259.4,75610.9,37.92804431999995,trades
1776427200000,75613.1,76300.3,75563.0,76266.0,153.27416500000078,trades
1776430800000,76266.0,77486.9,76102.0,77354.3,490.44731462999385,trades
1776434400000,77380.4,78092.8,77060.5,77943.0,418.53729493999606,trades
1776438000000,77943.0,78037.0,77500.0,77834.2,273.8290470600039,trades
1776441600000,77825.6,78343.6,77773.6,77893.6,266.9044708500027,trades
1776445200000,77893.6,77929.8,77151.4,77555.4,174.57009866000396,trades
1776448800000,77555.3,77601.5,77118.1,77201.3,116.18088250000062,trades
1776452400000,77194.7,77500.0,77053.8,77450.1,149.71587715000095,trades
1776456000000,77450.1,77651.7,77200.1,77376.2,63.8986484399992,trades
1776459600000,77376.2,77500.0,77307.1,77480.1,45.40960130000001,trades
1776463200000,77480.1,77544.2,77308.2,77330.7,38.48419203999984,trades
1776466800000,77330.7,77330.7,76882.5,77117.4,103.9306848700004,trades
1776470400000,77117.4,77273.8,77025.9,77186.0,28.59250322999991,trades
1776474000000,77185.9,77359.0,77153.0,77247.7,25.502900619999966,trades
1776477600000,77247.7,77432.1,77163.9,77326.4,12.867228859999935,trades
1776481200000,77326.5,77326.5,77007.3,77010.4,11.660345509999985,trades
1776484800000,77010.4,77194.1,76938.8,77154.0,26.83521604999991,trades
1776488400000,77154.1,77279.9,77152.2,77174.7,18.415846239999954,trades
1776492000000,77174.8,77233.1,77081.3,77151.3,12.077873749999998,trades
1776495600000,77151.3,77151.3,76929.0,76999.7,19.61418258999991,trades
1776499200000,76999.8,77041.5,76533.1,76766.2,83.88236751999972,trades
1776502800000,76766.3,76766.3,76452.2,76619.9,67.66851591999989,trades
1776506400000,76619.9,76619.9,76160.4,76194.1,78.94740059000007,trades
1776510000000,76197.0,76199.9,75802.0,76068.5,71.94487347999984,trades
1776513600000,76068.5,76305.5,76068.5,76232.0,40.15330143999988,trades
1776517200000,76232.1,76232.1,75827.8,76150.0,64.12587373999993,trades
1776520800000,76143.4,76298.3,76014.3,76281.2,31.67361991999986,trades
1776524400000,76281.3,76397.1,76053.0,76200.7,29.60680192999985,trades
1776528000000,76200.7,76242.6,75734.7,75972.7,78.03386037000021,trades
1776531600000,75972.7,75974.0,75820.4,75856.8,22.38133864999988,trades
1776535200000,75856.8,75856.8,75500.0,75682.3,68.24627158999988,trades
1776538800000,75682.3,75816.1,75618.0,75686.8,11.98115039999998,trades
1776542400000,75686.9,75868.2,75629.9,75786.5,26.604585669999903,trades
1776546000000,75786.5,75869.8,75635.5,75842.6,10.878753639999996,trades
1776549600000,75842.6,75883.0,75651.7,75850.0,21.19579644999995,trades
1776553200000,75850.1,75905.9,75728.7,75728.8,11.233775129999987,trades
1776556800000,75728.8,75863.5,75595.4,75699.2,25.51891011999992,trades
1776560400000,75699.2,75808.6,75514.0,75643.5,18.031489739999984,trades
1776564000000,75643.5,75736.9,75454.5,75538.5,71.38861032000024,trades
1776567600000,75538.5,75662.7,75407.3,75554.7,28.49218764999996,trades
1776571200000,75554.8,75802.1,75459.7,75688.1,19.672209759999923,trades
1776574800000,75688.1,75689.9,75563.9,75580.6,9.420568999999997,trades
1776578400000,75580.6,75580.6,75334.4,75412.9,20.53973338999997,trades
1776582000000,75412.9,75412.9,74934.4,75295.4,81.21047136999998,trades
1776585600000,75295.5,75309.9,75139.8,75282.3,24.76830308999996,trades
1776589200000,75282.3,75289.9,74963.6,75047.1,12.152915909999964,trades
1776592800000,75047.1,75265.0,74987.8,75264.9,27.73257621999999,trades
1776596400000,75265.0,75647.8,75264.9,75626.5,31.95402074000001,trades
1776600000000,75626.5,75725.2,75458.4,75625.4,38.37883922999969,trades
1776603600000,75625.4,76274.6,75611.2,75950.7,58.19919694999939,trades
1776607200000,75950.7,76167.6,75724.9,76055.1,28.19663295999993,trades
1776610800000,76055.1,76192.5,75450.0,75865.7,21.23681378999981,trades
1776614400000,75865.7,75882.4,75345.1,75395.0,37.18572978999976,trades
1776618000000,75395.1,75410.1,74678.9,74818.2,122.2433828299997,trades
1776621600000,74819.9,74916.6,74640.6,74801.2,85.90222385999974,trades
1776625200000,74804.3,75084.9,74804.3,75005.2,48.87637355999986,trades
1776628800000,74984.5,74984.5,74447.4,74660.5,73.5869170699998,trades
1776632400000,74660.5,74835.6,74409.9,74451.5,21.406070419999903,trades
1776636000000,74451.6,74451.6,73809.7,74088.8,184.55981035000224,trades
1776639600000,74080.1,74080.1,73827.6,73827.6,64.34831810999987,trades
1776643200000,73827.6,74373.0,73637.3,74315.2,88.37751918000009,trades
1776646800000,74314.6,74766.5,74249.1,74622.5,43.9821676599996,trades
1776650400000,74622.6,74664.0,74336.5,74441.1,39.46582403999992,trades
1776654000000,74441.1,74669.9,74388.3,74669.1,14.221115899999914,trades
1776657600000,74669.1,74669.7,74476.1,74587.2,13.283331609999964,trades
1776661200000,74587.2,74587.2,74146.6,74300.6,45.80416908999994,trades
1776664800000,74300.6,74906.8,74284.9,74817.0,68.08567128999971,trades
1776668400000,74817.0,75574.8,74700.3,74833.7,85.06595273999986,trades
1776672000000,74833.7,75003.6,74655.5,74742.2,36.467420329999854,trades
1776675600000,74742.2,75249.1,74742.1,75064.6,160.17126829000128,trades
1776679200000,75064.6,75411.7,75051.2,75051.3,22.734910439999897,trades
1776682800000,75051.3,75299.8,75000.0,75219.0,34.03285143999988,trades
1776686400000,75219.0,75678.2,75105.2,75323.5,54.44728831999996,trades
1776690000000,75323.5,75453.5,74916.8,75309.6,167.63813429999993,trades
1776693600000,75309.6,75788.3,74950.4,75056.3,84.13950669000006,trades
1776697200000,75069.3,75797.3,74744.0,75755.3,90.53658236000052,trades
1776700800000,75755.3,75755.3,75333.9,75361.3,30.98853666999982,trades
1776704400000,75361.3,75999.8,75333.0,75925.5,62.7964445299998,trades
1776708000000,75925.5,76477.5,75925.5,76450.0,186.40750213000464,trades
1776711600000,76450.5,76511.7,76179.0,76335.4,99.79065268000105,trades
1776715200000,76331.5,76588.0,76163.5,76312.3,71.34412365000026,trades
1776718800000,76312.3,76399.8,75823.5,75980.4,48.60707881999977,trades
1776722400000,75980.4,76175.7,75934.6,75998.0,90.44324488000026,trades
1776726000000,75998.0,75998.0,75637.4,75848.3,169.11507737000002,trades
1776729600000,75848.3,76111.8,75730.9,76111.6,174.47470451000274,trades
1776733200000,76111.7,76261.0,75898.7,75955.1,49.46681005999984,trades
1776736800000,75955.1,75955.1,75612.5,75635.1,26.66828495999986,trades
1776740400000,75630.7,75748.3,75508.9,75745.1,8.571387739999976,trades
1776744000000,75745.1,75848.0,75644.6,75848.0,15.597069379999931,trades
1776747600000,75848.0,76000.0,75823.1,75839.2,57.70920714999987,trades
1776751200000,75839.2,76139.2,75744.7,75999.7,32.76934358000008,trades
1776754800000,75999.8,76326.5,75852.1,76124.5,55.72075216999978,trades
1776758400000,76124.5,77169.6,76100.1,76545.0,161.8864663000005,trades
1776762000000,76545.1,76585.0,76194.0,76385.4,36.354416410000034,trades
1776765600000,76385.5,76900.0,76385.4,76797.8,105.92639159000016,trades
1776769200000,76797.9,76797.9,76387.0,76486.0,47.84129701000005,trades
1776772800000,76486.0,76520.0,75741.3,76049.4,89.30664913000007,trades
1776776400000,76049.4,76200.0,75780.1,75899.2,98.19248924000055,trades
1776780000000,75899.3,76599.8,75660.9,75698.2,93.72522545000012,trades
1776783600000,75698.2,75993.1,75475.2,75850.8,167.28516625000418,trades
1776787200000,75853.0,76184.1,75785.3,75799.9,57.83873987000012,trades
1776790800000,75800.0,75883.8,75096.8,75567.5,97.51222495000042,trades
1776794400000,75567.6,75661.8,75330.4,75626.1,32.01657199999994,trades
1776798000000,75626.2,75927.3,74850.0,75031.2,125.75248196000032,trades
1776801600000,75041.6,75865.6,74999.9,75739.7,78.02949671999998,trades
1776805200000,75720.4,75793.5,75487.7,75558.7,27.34728383999992,trades
1776808800000,75565.1,75753.0,75330.6,75669.8,107.63209563999992,trades
1776812400000,75669.6,76422.5,75650.3,76351.9,269.78220316999915,trades
1776816000000,76350.3,76500.0,76242.7,76384.4,51.10084543999981,trades
1776819600000,76384.5,76416.6,76151.3,76318.3,27.699634889999867,trades
1776823200000,76318.4,77653.6,76242.1,77616.5,157.8431006600023,trades
1776826800000,77616.7,77726.9,77422.0,77561.6,94.20130253000023,trades
1776830400000,77561.6,77698.9,77377.5,77538.3,45.819596689999926,trades
1776834000000,77538.4,78429.6,77456.4,77994.1,213.58970000000576,trades
1776837600000,77994.1,78042.3,77913.8,78000.1,98.75835232000004,trades
1776841200000,77998.8,78127.0,77839.0,78010.5,70.2072598099999,trades
1776844800000,78010.5,78198.1,77956.2,78037.5,71.22255304999997,trades
1776848400000,78028.9,78193.6,77971.7,78029.4,28.05152235999984,trades
1776852000000,78025.1,78183.6,77963.8,78164.7,41.78989269999988,trades
1776855600000,78164.7,78391.9,78121.9,78304.3,91.77332654000008,trades
1776859200000,78304.3,78519.6,78139.4,78259.6,89.56947063,trades
1776862800000,78259.6,78862.3,78203.7,78862.2,160.1747482300027,trades
1776866400000,78862.3,79200.0,78602.5,79085.1,264.56299818000264,trades
1776870000000,79085.1,79445.0,78895.0,79334.7,223.4718993100021,trades
1776873600000,79334.7,79490.7,78669.1,78753.9,211.6162321200029,trades
1776877200000,78753.9,79082.9,78730.2,78927.8,64.40414292000003,trades
1776880800000,78927.8,79167.1,78873.1,79031.7,44.625874049999936,trades
1776884400000,79031.7,79086.6,78734.0,78869.1,81.09989619999973,trades
1776888000000,78868.4,78936.1,78436.7,78446.8,105.3378382700002,trades
1776891600000,78448.8,78849.2,78444.8,78789.3,63.23870613999991,trades
1776895200000,78789.2,78850.0,78500.0,78640.3,49.07429839999983,trades
1776898800000,78640.3,78640.3,78200.0,78204.0,37.681553909999934,trades
1776902400000,78204.0,78588.8,77608.4,78415.4,123.67620451999984,trades
1776906000000,78436.6,78467.8,78100.3,78383.0,28.94011514,trades
1776909600000,78383.0,78383.0,77788.4,77986.1,28.906851809999846,trades
1776913200000,77967.1,78027.9,77517.2,77752.2,39.49534959999985,trades
1776916800000,77762.5,77942.4,77709.1,77942.4,36.90814496999997,trades
1776920400000,77942.4,78107.2,77801.2,78042.9,54.75719542999983,trades
1776924000000,78042.9,78389.5,78042.9,78223.9,42.63358565999986,trades
1776927600000,78223.9,78261.1,78012.6,78033.2,14.474271359999904,trades
1776931200000,78049.7,78179.9,77754.9,77892.6,32.40306712999988,trades
1776934800000,77892.6,77892.6,77481.2,77683.6,26.592030219999813,trades
1776938400000,77683.6,77736.9,77205.6,77417.6,109.12934368000045,trades
1776942000000,77417.6,77754.9,77406.9,77745.2,35.07779753999992,trades
1776945600000,77726.7,77889.3,77580.6,77886.5,49.86186984999994,trades
1776949200000,77886.5,77933.9,77429.2,77554.3,72.24918181000015,trades
1776952800000,77554.3,78222.8,77447.0,78215.8,79.82825577999981,trades
1776956400000,78215.8,78690.1,78014.4,78404.3,105.00344725000028,trades
1776960000000,78407.2,78536.8,78064.3,78135.6,66.19187720000001,trades
1776963600000,78135.5,78207.9,76984.3,77798.4,168.71308820000277,trades
1776967200000,77798.4,78166.4,77710.6,77726.7,62.17247980000002,trades
1776970800000,77709.2,77900.0,77631.8,77757.1,54.12554535000013,trades
1776974400000,77746.7,78066.6,77680.6,77903.0,34.23269816999998,trades
1776978000000,77905.9,78092.7,77817.7,77906.5,27.321657389999967,trades
1776981600000,77901.4,78344.8,77901.3,78262.7,36.15518623999999,trades
1776985200000,78263.8,78300.0,78063.0,78283.6,21.70394574999993,trades
1776988800000,78283.1,78499.0,78208.2,78421.3,60.28045028999999,trades
1776992400000,78421.3,78465.9,78007.2,78462.7,34.63145328999994,trades
1776996000000,78460.1,78580.7,78110.5,78168.6,33.16797901999988,trades
1776999600000,78158.4,78197.8,77600.0,77759.6,38.61638488,trades
1777003200000,77759.6,77875.8,77510.9,77707.0,25.91661906999985,trades
1777006800000,77707.1,78043.6,77494.1,77975.3,29.74638876999996,trades
1777010400000,77975.4,78008.2,77793.8,77811.4,8.047742960000008,trades
1777014000000,77811.4,77863.1,77578.3,77647.3,33.96393988999996,trades
1777017600000,77662.3,78028.5,77597.2,77813.5,45.14734937000013,trades
1777021200000,77813.5,77820.9,77447.6,77539.4,40.30976533999991,trades
1777024800000,77539.4,77791.9,77480.3,77777.3,33.154626419999936,trades
1777028400000,77777.4,78394.1,77777.3,78264.1,95.0823913800003,trades
1777032000000,78264.1,78350.0,78033.4,78263.9,49.245825549999736,trades
1777035600000,78277.3,78476.6,77921.6,78112.6,61.82714302999944,trades
1777039200000,78112.6,78112.6,77706.4,78069.8,236.00104976000168,trades
1777042800000,78069.7,78250.0,77615.1,78060.0,102.63694137999974,trades
1777046400000,78060.0,78080.0,77615.2,77806.7,65.70670406999962,trades
1777050000000,77806.8,77835.9,77521.8,77686.9,42.90830950999976,trades
1777053600000,77686.9,77725.4,77384.7,77630.8,37.2188888699998,trades
1777057200000,77632.4,77759.7,77552.5,77631.9,128.59608219999993,trades
1777060800000,77631.9,77788.0,77486.8,77741.2,225.6067325700004,trades
1777064400000,77741.2,77770.0,77570.9,77590.0,33.673852509999904,trades
1777068000000,77590.1,77631.5,77282.6,77356.8,30.64921216000001,trades
1777071600000,77356.9,77475.0,77356.8,77455.0,24.236479079999977,trades
1777075200000,77455.0,77500.0,77333.1,77476.4,19.67321780999996,trades
1777078800000,77476.4,77635.4,77457.2,77575.9,6.977217469999992,trades
1777082400000,77575.9,77673.7,77544.0,77651.2,18.370886570000028,trades
1777086000000,77651.3,77732.5,77591.0,77680.8,11.72611590999997,trades
1777089600000,77680.8,77706.6,77635.2,77653.7,6.0305091800000055,trades
1777093200000,77653.7,77653.7,77509.8,77546.1,3.102284319999996,trades
1777096800000,77546.1,77606.5,77521.0,77545.0,7.862839929999999,trades
1777100400000,77543.7,77586.7,77470.6,77528.4,6.83606823,trades
1777104000000,77528.4,77675.0,77509.9,77649.4,3.7331469300000015,trades
1777107600000,77660.2,77794.7,77621.1,77736.2,12.374850729999986,trades
1777111200000,77736.2,77876.3,77736.1,77801.5,21.445439549999968,trades
1777114800000,77801.5,77801.5,77638.4,77696.8,25.002216480000005,trades
1777118400000,77696.8,77737.2,77580.0,77581.4,13.288019839999986,trades
1777122000000,77581.4,77726.0,77580.0,77715.7,26.89423257999996,trades
1777125600000,77715.7,77785.9,77653.1,77666.3,61.01252836999992,trades
1777129200000,77666.4,77720.7,77354.9,77365.0,18.404819119999942,trades
1777132800000,77365.1,77479.3,77145.3,77429.6,70.77825260999994,trades
1777136400000,77429.6,77429.6,77250.0,77276.8,12.757614939999971,trades
1777140000000,77276.8,77400.2,77250.0,77327.7,22.525198489999944,trades
1777143600000,77320.5,77352.2,77199.7,77342.3,19.99660508999998,trades
1777147200000,77342.3,77500.0,77326.7,77500.0,14.445999979999964,trades
1777150800000,77499.9,77544.0,77428.2,77540.5,26.47631534999996,trades
1777154400000,77540.5,77643.0,77517.6,77580.7,27.534706129999933,trades
1777158000000,77580.7,77653.9,77544.8,77648.5,7.953208289999995,trades
1777161600000,77648.5,77661.6,77478.4,77533.8,10.369715429999946,trades
1777165200000,77533.8,77587.4,77481.0,77481.0,3.0174709200000045,trades
1777168800000,77481.1,77605.0,77481.0,77518.4,4.704707110000005,trades
1777172400000,77522.2,77561.1,77356.2,77402.3,23.08551900999999,trades
1777176000000,77402.3,77815.0,77395.8,77790.1,13.768313729999951,trades
1777179600000,77790.1,78193.6,77750.0,77998.8,47.42832611000012,trades
1777183200000,77998.8,78054.8,77925.1,78009.9,8.582031499999983,trades
1777186800000,78010.0,78111.1,77985.3,78111.1,38.99026658000004,trades
1777190400000,78111.1,78231.8,78042.8,78056.8,21.810291739999982,trades
1777194000000,78056.9,78056.9,77953.7,77980.0,43.94671791000007,trades
1777197600000,77980.0,78050.0,77968.1,78000.0,6.2778153400000045,trades
1777201200000,78000.1,78165.9,78000.0,78120.9,25.625301479999973,trades
1777204800000,78120.9,78120.9,77759.2,77847.6,34.22443421999999,trades
1777208400000,77847.6,78007.0,77809.9,77971.0,22.046292329999947,trades
1777212000000,77971.0,78174.6,77888.0,78103.8,33.42632013999982,trades
1777215600000,78103.9,78139.2,78024.7,78068.9,16.551627049999926,trades
1777219200000,78068.9,78095.0,77957.4,77957.5,20.943152709999943,trades
1777222800000,77957.5,78070.8,77856.7,78049.7,26.11319602999996,trades
1777226400000,78049.7,78363.7,78028.0,78301.4,59.06129737,trades
1777230000000,78301.4,78500.2,78054.9,78263.4,52.74919156999998,trades
1777233600000,78263.4,78400.0,78190.7,78227.1,26.6244858999999,trades
1777237200000,78227.0,78964.8,77885.7,78417.9,79.26222543000014,trades
1777240800000,78424.4,78843.0,78016.7,78350.5,54.6392724699999,trades
1777244400000,78350.4,78919.8,78064.4,78653.8,53.33422247999992,trades
1777248000000,78653.8,79357.3,78415.1,79279.0,163.58614125000102,trades
1777251600000,79278.4,79481.2,78769.1,79271.5,77.39048489999983,trades
1777255200000,79290.2,79299.3,79058.7,79161.8,39.96924353999991,trades
1777258800000,79161.8,79311.1,79100.1,79110.0,24.19626600999993,trades
1777262400000,79110.0,79150.1,78901.2,78925.0,32.94257296999994,trades
1777266000000,78925.0,78946.5,77601.0,77800.1,235.92910199000403,trades
1777269600000,77800.1,77900.1,77500.0,77723.9,89.22168159999995,trades
1777273200000,77723.9,77769.2,77570.9,77650.0,80.8639461299999,trades
1777276800000,77650.1,77808.0,77588.4,77807.9,55.61798012999999,trades
1777280400000,77808.0,77969.8,77724.9,77910.1,33.7735521099999,trades
1777284000000,77910.1,77940.6,77815.0,77864.1,47.28784917999995,trades
1777287600000,77864.2,77900.1,77741.1,77840.8,42.66741772000004,trades
1777291200000,77840.8,77902.7,77633.1,77645.1,42.73437684000002,trades
1777294800000,77662.5,77966.0,77590.0,77751.5,55.68341464000003,trades
1777298400000,77751.6,78252.7,77700.1,77813.5,299.814617339998,trades
1777302000000,77813.5,77828.8,76589.3,76791.1,312.7130179899926,trades
1777305600000,76791.1,76869.8,76564.0,76609.0,50.57399612000015,trades
1777309200000,76609.0,76923.4,76608.9,76728.2,50.63053442000021,trades
1777312800000,76735.9,76879.1,76657.3,76820.9,34.251676319999746,trades
1777316400000,76821.0,76889.9,76480.4,76857.7,290.2540985599989,trades
1777320000000,76865.0,77080.4,76839.7,76977.3,44.00453341999997,trades
1777323600000,76977.3,76981.0,76790.4,76793.9,32.21972672999994,trades
1777327200000,76793.9,77077.5,76773.5,77057.8,13.698607659999904,trades
1777330800000,77057.9,77428.4,77013.3,77374.7,32.24847736999995,trades
1777334400000,77374.7,77463.2,77214.4,77372.4,33.26213537999988,trades
1777338000000,77372.4,77391.8,77050.0,77092.8,16.545299559999886,trades
1777341600000,77092.8,77214.8,76687.4,76883.3,45.05153460000001,trades
1777345200000,76883.4,77799.0,76682.5,76826.3,339.77402667,trades
1777348800000,76826.3,76938.1,76707.7,76890.1,21.918795449999923,trades
1777352400000,76890.1,77143.5,76820.1,76894.7,32.1901037399999,trades
1777356000000,76879.6,77024.1,76600.0,76708.3,25.193958399999925,trades
1777359600000,76706.7,76901.9,76440.4,76868.9,25.58088055999994,trades
1777363200000,76868.9,76993.5,76737.9,76850.8,29.885055679999933,trades
1777366800000,76850.8,76856.3,76505.5,76598.1,16.63292122999993,trades
1777370400000,76598.1,76694.9,76499.0,76610.3,34.14718811999996,trades
1777374000000,76610.4,76639.3,76125.2,76195.9,154.9754417500025,trades
1777377600000,76195.9,76398.4,76159.2,76363.1,38.05748954999991,trades
1777381200000,76363.1,76394.4,75956.3,76187.6,292.64189054999986,trades
1777384800000,76187.6,76187.6,75652.1,75936.4,97.43614411000044,trades
1777388400000,75936.5,76077.0,75851.7,76034.7,49.082074160000005,trades
1777392000000,76034.7,76194.0,75875.3,76112.5,55.85935401000002,trades
1777395600000,76112.5,76250.0,75956.0,76191.2,164.8809491500025,trades
1777399200000,76191.2,76250.0,76125.1,76222.6,24.69432360999988,trades
1777402800000,76222.7,76367.9,76055.2,76310.5,38.44530671000001,trades
1777406400000,76313.3,76475.2,76313.3,76475.2,48.98219380999989,trades
1777410000000,76475.2,76482.1,76275.1,76354.8,19.66168475999997,trades
1777413600000,76354.8,76436.0,76221.1,76239.4,20.366043819999906,trades
1777417200000,76239.4,76359.7,76196.8,76331.9,9.738246199999969,trades
1777420800000,76331.9,76523.9,76272.1,76500.1,49.21959997999991,trades
1777424400000,76500.1,76643.3,76181.5,76551.2,34.48772127999989,trades
1777428000000,76551.3,76643.3,76402.8,76498.8,12.591113979999973,trades
1777431600000,76498.8,77086.0,76498.7,76983.4,61.71430301999997,trades
1777435200000,76983.4,77418.7,76872.9,77267.6,51.7805509900001,trades
1777438800000,77267.6,77310.5,77198.0,77268.4,21.49744533999992,trades
1777442400000,77268.4,77315.1,76942.5,76998.8,60.09355726000007,trades
1777446000000,76998.8,77149.3,76998.8,77038.4,11.71823847999992,trades
1777449600000,77037.5,77131.3,76999.0,77033.3,80.98302872000004,trades
1777453200000,77033.3,77773.0,76982.6,77649.9,122.1257265,trades
1777456800000,77650.0,77888.0,77559.1,77618.2,60.77145314000009,trades
1777460400000,77618.2,77675.2,77482.5,77598.2,27.16744761999993,trades
1777464000000,77598.2,77598.2,76993.0,77133.3,103.12417624000008,trades
1777467600000,77133.3,77217.1,76417.7,76754.5,120.78844960999972,trades
1777471200000,76767.8,76834.3,76480.8,76559.4,55.65910280000014,trades
1777474800000,76559.5,76610.0,75700.0,75880.5,178.729963370002,trades
1777478400000,75880.5,76098.6,75667.8,75754.3,144.56584500000082,trades
1777482000000,75754.4,76139.2,75754.4,76139.2,37.04083065999996,trades
1777485600000,76139.2,76203.2,74940.0,75484.2,315.8389447499973,trades
1777489200000,75484.2,75556.9,75279.7,75513.5,93.08109312999991,trades
1777492800000,75528.5,75824.7,75482.9,75668.6,53.91443654999984,trades
1777496400000,75668.5,76047.0,75595.1,75916.1,108.2694738,trades
1777500000000,75916.1,75965.8,75806.3,75912.4,20.89836398999984,trades
1777503600000,75912.4,75960.0,75689.0,75750.3,40.14269487000001,trades
1777507200000,75752.7,76301.5,75650.0,76244.0,67.20389240999991,trades
1777510800000,76244.1,76413.8,76159.8,76197.8,28.948080969999832,trades
1777514400000,76197.8,76324.9,75484.5,75685.9,36.41718886999977,trades
1777518000000,75674.9,75956.7,75645.8,75918.8,11.305646409999929,trades
1777521600000,75918.9,75932.2,75400.0,75463.2,25.50262737999986,trades
1777525200000,75463.2,75717.3,75290.9,75566.5,76.92110205999987,trades
1777528800000,75566.5,75820.1,75550.3,75736.2,19.802381809999986,trades
1777532400000,75736.2,76130.1,75702.4,76112.7,30.858508760000017,trades
1777536000000,76112.8,76157.5,75991.2,76036.2,50.38383673999999,trades
1777539600000,76036.2,76308.0,75998.3,76089.9,35.29900943999994,trades
1777543200000,76089.0,76124.1,75966.1,75998.4,29.295722619999907,trades
1777546800000,75998.4,76190.1,75869.3,76020.7,135.64129168000096,trades
1777550400000,76020.8,76379.8,76020.8,76286.7,34.496496239999814,trades
1777554000000,76286.8,76634.1,76086.4,76386.7,87.9238494999998,trades
1777557600000,76386.8,76543.1,76075.3,76285.0,39.48428066999957,trades
1777561200000,76285.1,76597.4,76127.0,76441.9,63.86867059999977,trades
1777564800000,76441.8,76452.9,76201.7,76222.7,48.08409568999987,trades
1777568400000,76221.8,76298.0,76094.6,76221.8,40.56227728999992,trades
1777572000000,76221.8,76443.9,76191.9,76330.6,14.640295689999908,trades
1777575600000,76330.6,76486.8,76300.0,76412.7,28.49233123999993,trades
1777579200000,76382.8,76525.9,76302.5,76461.9,65.99057160000008,trades
1777582800000,76461.9,76508.9,76219.9,76234.3,19.76893588999997,trades
1777586400000,76234.3,76404.7,76161.8,76183.8,7.198450550000009,trades
1777590000000,76183.8,76344.4,76183.8,76313.0,32.78879961999995,trades
1777593600000,76312.9,76524.5,76284.2,76387.0,79.95359271999996,trades
1777597200000,76411.0,76720.5,76410.9,76648.5,36.35749377999995,trades
1777600800000,76648.5,76700.0,76507.3,76564.8,6.209486699999999,trades
1777604400000,76564.9,77395.2,76535.0,77090.7,98.66395487000018,trades
1777608000000,77090.7,77171.7,76915.9,77012.7,32.05870839999987,trades
1777611600000,77012.8,77140.7,76994.7,77113.9,16.886605289999952,trades
1777615200000,77113.9,77149.8,76838.3,76935.1,38.22735439999991,trades
1777618800000,76934.0,77111.0,76934.0,77106.5,26.683319059999924,trades
1777622400000,77106.6,77466.2,77027.8,77353.7,42.44474768999996,trades
1777626000000,77353.7,77353.7,77200.0,77243.4,13.254391139999996,trades
1777629600000,77243.5,77385.0,77130.1,77287.2,9.922100099999986,trades
1777633200000,77287.2,77582.6,77241.8,77438.5,96.10293491999998,trades
1777636800000,77438.5,78155.0,77400.0,77895.1,242.998005210002,trades
1777640400000,77895.1,78900.0,77895.0,78700.0,205.79582130000227,trades
1777644000000,78700.0,78855.0,78045.0,78343.2,142.4357610500001,trades
1777647600000,78343.2,78734.9,78195.0,78454.4,199.51985987000137,trades
1777651200000,78454.5,78671.7,78154.0,78210.1,51.14044173999998,trades
1777654800000,78210.1,78585.0,78104.5,78559.4,61.508937509999896,trades
1777658400000,78559.4,78614.9,78383.0,78425.3,42.44711844999992,trades
1777662000000,78425.3,78540.0,78315.0,78375.1,87.57723373999977,trades
1777665600000,78375.1,78418.0,77773.6,77870.9,105.8359923000002,trades
1777669200000,77870.9,78196.1,77870.8,78186.6,42.470769740000016,trades
1777672800000,78186.7,78410.0,78135.9,78147.7,90.47108466000005,trades
1777676400000,78147.7,78235.3,78041.6,78235.3,13.672853209999952,trades
1777680000000,78235.3,78382.9,78181.3,78340.8,12.601491369999966,trades
1777683600000,78340.8,78429.0,78301.2,78330.0,12.313261519999946,trades
1777687200000,78330.0,78509.0,78263.4,78375.1,49.57371641000005,trades
1777690800000,78375.1,78509.0,78243.6,78421.8,28.19730846999992,trades
1777694400000,78421.8,78436.9,78120.0,78170.8,19.508253279999924,trades
1777698000000,78170.9,78212.2,78045.0,78195.1,7.947020449999997,trades
1777701600000,78195.1,78344.9,78142.4,78319.5,15.080684089999936,trades
1777705200000,78319.5,78342.2,78205.0,78205.0,16.175374439999967,trades
1777708800000,78205.1,78345.0,78165.0,78305.2,19.06194879,trades
1777712400000,78305.2,78390.0,78250.1,78300.0,63.748639760000025,trades
1777716000000,78300.1,78309.6,78219.9,78253.5,16.4052814,trades
1777719600000,78244.7,78244.7,78105.0,78134.9,5.623561159999993,trades
1777723200000,78134.9,78259.1,78120.0,78195.1,9.404177039999968,trades
1777726800000,78195.1,78412.3,78195.0,78357.0,36.23235159,trades
1777730400000,78357.0,78459.9,78315.0,78420.1,13.800015719999932,trades
1777734000000,78420.1,78473.6,78364.1,78473.6,8.216433290000003,trades
1777737600000,78467.9,78567.5,78426.4,78454.9,26.04390034999996,trades
1777741200000,78454.9,78465.0,78379.4,78389.0,51.790745150000006,trades
1777744800000,78389.0,78455.0,78303.2,78454.8,7.165986100000007,trades
1777748400000,78454.9,78490.0,78435.0,78485.4,55.72043046,trades
1777752000000,78485.6,78485.7,78430.0,78450.6,8.46440219000001,trades
1777755600000,78450.6,79140.0,78450.6,78723.4,242.6823977000004,trades
1777759200000,78723.4,78869.4,78612.1,78831.3,40.02125692999993,trades
1777762800000,78831.4,78831.4,78645.0,78660.0,7.105370949999995,trades
1777766400000,78660.0,78764.8,78510.0,78510.1,19.93932205999998,trades
1777770000000,78510.1,78510.1,78150.2,78247.6,36.78856742999989,trades
1777773600000,78247.6,78284.9,78099.9,78162.6,100.61540420000009,trades
1777777200000,78162.7,78195.0,78126.0,78180.0,13.529972389999982,trades
1777780800000,78180.0,78200.0,78120.0,78150.1,5.092645379999992,trades
1777784400000,78150.1,78225.0,78150.1,78224.9,13.47471654999996,trades
1777788000000,78225.0,78300.0,78078.7,78270.0,24.73485025999993,trades
1777791600000,78270.1,78441.9,78270.0,78360.1,13.306105139999977,trades
1777795200000,78360.1,78470.3,78360.0,78389.9,10.848651969999985,trades
1777798800000,78390.0,78580.3,78352.9,78536.4,40.97682478,trades
1777802400000,78536.5,78536.5,78412.5,78412.5,8.925581699999997,trades
1777806000000,78412.6,78837.1,78390.0,78649.3,50.46245150999998,trades
1777809600000,78649.3,78883.2,78649.2,78726.1,83.67755009,trades
1777813200000,78726.1,78742.3,78586.1,78661.0,36.17567685999996,trades
1777816800000,78661.1,78765.0,78611.2,78721.3,61.20196938999998,trades
1777820400000,78721.4,78784.9,78630.0,78652.4,18.36833508999993,trades
1777824000000,78650.6,78765.0,78600.0,78660.1,11.799593859999964,trades
1777827600000,78660.1,78799.0,78566.8,78723.8,18.808613569999984,trades
1777831200000,78723.8,78733.7,78640.0,78733.3,21.03351177999998,trades
1777834800000,78733.3,78825.0,78672.3,78743.6,45.57263896999996,trades
1777838400000,78745.6,79240.0,78717.4,78913.9,87.33671189,trades
1777842000000,78913.9,79050.0,78660.0,78827.3,47.93319455000002,trades
1777845600000,78827.3,79400.0,78827.3,79166.4,117.89116467999972,trades
1777849200000,79166.4,79275.0,78489.2,78547.4,38.10578822999988,trades
1777852800000,78547.4,78555.0,78267.0,78540.2,38.21140392999987,trades
1777856400000,78540.2,79800.0,78410.0,79735.5,182.7502678400008,trades
1777860000000,79735.6,80395.0,79528.9,80142.8,314.5143544299964,trades
1777863600000,80150.4,80442.5,79920.0,80299.4,102.45376485999998,trades
1777867200000,80299.4,80597.2,80223.1,80311.7,89.68424248000008,trades
1777870800000,80311.8,80372.0,79969.1,79999.6,126.83801301000032,trades
1777874400000,79999.7,80021.4,79485.2,79870.8,75.63275178000005,trades
1777878000000,79870.9,79920.0,79680.0,79689.7,31.753043949999967,trades
1777881600000,79689.7,79785.0,79605.0,79710.2,37.9434729,trades
1777885200000,79710.2,79912.7,79650.1,79849.3,48.49882122999995,trades
1777888800000,79845.1,79863.1,78209.2,78931.2,296.0387547600012,trades
1777892400000,78935.9,79123.1,78696.4,78787.7,67.85857413999997,trades
1777896000000,78787.7,79000.0,78713.1,78869.9,38.90656607999992,trades
1777899600000,78852.5,79110.0,78589.7,78779.4,111.1919417900004,trades
1777903200000,78779.4,80517.9,78510.0,80235.0,198.5915973600024,trades
1777906800000,80224.7,80361.8,79350.0,80024.3,256.8666511800041,trades
1777910400000,80024.3,80382.7,79624.6,80027.1,104.49123719000023,trades
1777914000000,80027.1,80770.7,80024.9,80395.0,147.2644007600005,trades
1777917600000,80395.0,80424.7,80028.4,80105.1,78.85707137000047,trades
1777921200000,80105.1,80130.9,79900.0,80043.4,128.17635573000024,trades
1777924800000,80043.4,80159.6,79905.0,79933.7,215.53399317000168,trades
1777928400000,79933.8,80372.4,79933.8,80250.1,25.972923229999964,trades
1777932000000,80250.1,80397.7,79931.3,80051.5,139.53429535999973,trades
1777935600000,80051.6,80052.9,79743.1,79843.7,45.38716437999996,trades
1777939200000,79843.8,80171.5,79808.0,80167.8,41.46229067999993,trades
1777942800000,80167.8,80379.2,80062.7,80343.4,30.282056519999937,trades
1777946400000,80343.4,80900.0,80308.3,80529.0,76.94365597000011,trades
1777950000000,80535.4,81064.0,80457.3,80879.3,76.28227755000033,trades
1777953600000,80878.7,80973.2,80713.1,80891.3,37.88693361999989,trades
1777957200000,80890.4,81303.3,80828.1,80972.5,115.8965014300004,trades
1777960800000,80972.5,80989.9,80808.3,80964.0,27.32984931,trades
1777964400000,80964.1,81123.8,80835.0,80858.9,61.521284560000105,trades
1777968000000,80850.1,80890.9,80720.0,80783.4,94.10872538000002,trades
1777971600000,80800.0,80800.0,80520.0,80572.4,38.91008459000003,trades
1777975200000,80572.5,80837.9,80526.3,80829.6,24.109352859999976,trades
1777978800000,80829.7,81080.2,80778.4,81021.5,163.11143532000045,trades
1777982400000,81020.4,81314.0,80939.4,81279.7,40.94020817000011,trades
1777986000000,81279.8,81708.9,81202.3,81371.0,285.0338615399999,trades
1777989600000,81354.3,81482.6,80963.7,81337.7,228.66624376000425,trades
1777993200000,81339.2,81698.4,81253.3,81535.9,73.4369508499999,trades
1777996800000,81537.3,81599.7,81066.7,81273.2,97.86776575999986,trades
1778000400000,81273.2,81449.4,81207.4,81284.0,59.20417898999985,trades
1778004000000,81284.0,81597.5,81283.9,81526.3,81.54366682999985,trades
1778007600000,81526.3,81659.0,81426.6,81601.0,50.50775815999984,trades
1778011200000,81601.1,81765.4,81512.8,81639.2,97.66787449000016,trades
1778014800000,81641.7,81765.8,81333.0,81422.6,44.633989940000056,trades
1778018400000,81422.7,81597.8,80798.5,81113.1,141.55819116000075,trades
1778022000000,81109.7,81219.9,80794.7,80900.8,68.48953139000015,trades
1778025600000,80900.1,81250.0,80728.1,81031.9,53.1782822000003,trades
1778029200000,81031.9,81499.6,80994.9,81437.0,49.65506815999994,trades
1778032800000,81436.9,81440.0,81061.6,81365.4,59.10921768000022,trades
1778036400000,81369.7,81771.8,81360.1,81577.7,66.78742454000033,trades
1778040000000,81577.7,81641.4,81296.2,81304.4,41.714073850000034,trades
1778043600000,81304.4,81348.0,81057.6,81309.3,15.14917103999992,trades
1778047200000,81309.3,81516.2,81232.2,81482.8,19.796433749999924,trades
1778050800000,81480.3,81602.5,81316.7,81344.1,39.6650518800001,trades
1778054400000,81344.3,81970.0,81321.7,81946.8,168.68400030000117,trades
1778058000000,81942.7,82063.1,81684.4,81967.3,283.6946500799989,trades
1778061600000,81967.4,82386.4,81967.3,82281.0,260.3133485100011,trades
1778065200000,82282.2,82790.9,82276.7,82502.1,163.73483191000108,trades
1778068800000,82502.2,82519.1,82173.3,82216.8,115.05900663000044,trades
1778072400000,82216.9,82216.9,81592.8,81672.6,174.57821972000272,trades
1778076000000,81668.3,81967.0,81149.2,81534.3,187.272151320002,trades
1778079600000,81534.4,81819.2,81323.8,81700.1,53.39485821999986,trades
1778083200000,81700.1,81871.8,81419.2,81625.0,82.63641302999999,trades
1778086800000,81625.0,81700.0,81408.8,81462.6,139.01680213000083,trades
1778090400000,81462.7,81552.9,81266.2,81361.6,29.97258246999982,trades
1778094000000,81361.6,81491.9,81200.1,81471.5,46.14904073999984,trades
1778097600000,81471.5,81700.0,81310.6,81427.8,38.33853876,trades
1778101200000,81427.9,81614.2,81333.0,81534.6,20.83156054999988,trades
1778104800000,81534.6,81534.6,81229.8,81353.7,45.97361866000023,trades
1778108400000,81353.7,81438.0,81000.0,81438.0,53.0967022099999,trades
1778112000000,81438.0,81468.2,80961.7,81018.7,24.28157329999988,trades
1778115600000,81017.0,81270.1,80834.8,81158.2,47.04898619999999,trades
1778119200000,81160.7,81182.2,80900.4,81119.7,37.754475000000106,trades
1778122800000,81119.7,81119.7,80820.4,80825.2,15.46732826999997,trades
1778126400000,80825.2,80981.4,80750.0,80966.2,35.89653859999991,trades
1778130000000,80966.3,81149.1,80966.3,81058.0,33.95650117,trades
1778133600000,81058.0,81436.1,80888.0,81436.1,45.55293459999995,trades
1778137200000,81438.6,81705.0,81415.1,81510.7,40.92741286000012,trades
1778140800000,81510.7,81585.9,81206.8,81216.6,10.77610934999997,trades
1778144400000,81216.7,81216.7,80851.3,80935.0,54.4922104,trades
1778148000000,80935.1,80976.8,80585.6,80842.0,55.81417553000007,trades
1778151600000,80842.1,81022.6,80800.0,80864.9,95.31263048000012,trades
1778155200000,80864.9,81174.7,80861.0,81170.5,60.55418402000024,trades
1778158800000,81170.6,81170.6,80271.0,80511.6,91.26473081999973,trades
1778162400000,80511.7,80685.4,80055.0,80159.3,234.2985224500056,trades
1778166000000,80159.4,80255.4,79720.7,79860.0,216.23773914000216,trades
1778169600000,79880.1,79998.8,79679.7,79798.4,51.899424520000096,trades
1778173200000,79798.4,80124.5,79500.0,80096.4,74.21028148999991,trades
1778176800000,80096.5,80281.3,80012.4,80223.1,89.75521139000067,trades
1778180400000,80223.2,80223.2,79928.9,80129.4,38.41443977000001,trades
1778184000000,80136.9,80352.4,79871.7,79871.8,42.47165793000001,trades
1778187600000,79871.9,79925.2,79666.0,79750.1,34.60262881999998,trades
1778191200000,79750.1,79948.7,79368.7,79901.9,147.7923435399998,trades
1778194800000,79902.0,80059.5,79868.4,80011.5,27.315833150000028,trades
1778198400000,80011.5,80113.1,79733.5,79793.9,19.046328689999967,trades
1778202000000,79794.0,79881.5,79624.4,79732.7,29.141050089999943,trades
1778205600000,79732.7,79746.0,79310.7,79475.0,64.36142999000016,trades
1778209200000,79475.0,79633.2,79168.1,79565.7,30.94851462999989,trades
1778212800000,79565.7,79720.0,79550.7,79648.8,16.56595063999992,trades
1778216400000,79648.8,79743.9,79598.9,79611.2,19.10996288999997,trades
1778220000000,79605.2,79623.8,79410.0,79497.7,22.785954579999967,trades
1778223600000,79497.7,79698.8,79233.8,79666.8,26.363066499999945,trades
1778227200000,79666.1,79952.4,79652.1,79870.0,17.27226614999991,trades
1778230800000,79870.0,80036.3,79779.9,79850.1,24.05222558,trades
1778234400000,79850.2,80238.6,79777.0,80204.3,24.229479430000005,trades
1778238000000,80204.5,80300.0,80144.2,80219.5,25.59293934999992,trades
1778241600000,80219.5,80465.8,79960.3,80002.0,40.32350274999997,trades
1778245200000,80002.0,80089.4,79529.9,79626.8,78.70503452999989,trades
1778248800000,79624.8,80394.6,79624.8,80119.3,62.937893680000016,trades
1778252400000,80119.4,80182.9,79617.9,80114.9,43.67324675999984,trades
1778256000000,80114.9,80159.7,79735.0,79781.3,51.82529559999992,trades
1778259600000,79781.4,80238.2,79730.0,80049.6,87.33030954000009,trades
1778263200000,80049.7,80267.0,80049.6,80072.6,210.7023996200029,trades
1778266800000,80072.6,80156.6,79943.4,80156.6,42.52706011999987,trades
1778270400000,80156.6,80275.8,80075.7,80124.4,189.28635679000192,trades
1778274000000,80124.4,80236.6,80110.3,80236.5,31.215233419999866,trades
1778277600000,80236.6,80400.0,80236.5,80278.2,38.07002425000004,trades
1778281200000,80278.2,80290.3,80106.8,80196.9,87.87907518000002,trades
1778284800000,80196.9,80230.0,80124.0,80229.9,32.63371347999994,trades
1778288400000,80227.8,80420.1,80214.9,80324.9,24.81620899999989,trades
1778292000000,80324.6,80457.9,80324.5,80404.8,13.021789899999929,trades
1778295600000,80404.8,80522.7,80310.1,80391.4,16.678704779999933,trades
1778299200000,80391.5,80653.8,80364.9,80382.3,28.762053039999884,trades
1778302800000,80382.3,80450.0,80351.2,80368.6,30.167152509999948,trades
1778306400000,80368.7,80423.8,80192.2,80247.1,18.206024089999943,trades
1778310000000,80247.2,80279.1,80132.4,80216.7,13.984706689999966,trades
1778313600000,80216.7,80423.3,80216.6,80395.1,28.602140259999967,trades
1778317200000,80395.1,80396.8,80201.9,80236.4,45.909989269999976,trades
1778320800000,80231.0,80323.1,80175.5,80262.7,63.37161730999996,trades
1778324400000,80262.7,80358.3,80248.4,80324.2,46.703073940000046,trades
1778328000000,80324.2,80398.6,80274.9,80392.7,45.099029800000025,trades
1778331600000,80392.7,80420.4,80320.0,80377.8,64.36539864000002,trades
1778335200000,80377.8,80408.4,80262.5,80321.9,13.287357579999965,trades
1778338800000,80321.9,80584.3,80243.1,80518.8,22.15143596999992,trades
1778342400000,80517.6,80756.0,80488.8,80607.7,51.23023629000002,trades
1778346000000,80607.7,80895.6,80607.6,80800.0,28.891734559999914,trades
1778349600000,80800.0,81050.0,80768.2,80892.0,57.129750460000096,trades
1778353200000,80892.0,80948.6,80777.7,80938.3,34.827044189999896,trades
1778356800000,80937.0,80937.0,80740.9,80797.6,30.389628919999964,trades
1778360400000,80797.7,80878.7,80731.6,80782.0,7.032911370000014,trades
1778364000000,80782.1,80790.2,80662.3,80750.8,28.77908369000001,trades
1778367600000,80750.8,80820.0,80615.1,80670.1,17.371450949999968,trades
1778371200000,80670.1,80740.3,80612.1,80654.4,45.71019464999991,trades
1778374800000,80656.6,80656.6,80561.3,80642.0,21.05896260000001,trades
1778378400000,80644.9,80754.4,80585.2,80754.4,9.30633284999998,trades
1778382000000,80754.5,80844.8,80704.4,80762.1,16.500712349999954,trades
1778385600000,80762.1,80819.1,80718.6,80750.8,5.648474000000004,trades
1778389200000,80741.8,80774.1,80669.8,80670.0,5.851421269999996,trades
1778392800000,80670.0,80708.1,80634.8,80704.9,12.101218030000004,trades
1778396400000,80705.0,80780.9,80705.0,80728.0,13.72189322999996,trades
1778400000000,80728.0,80876.2,80710.0,80803.9,14.017511479999955,trades
1778403600000,80803.9,80886.7,80746.3,80790.3,47.34447355999994,trades
1778407200000,80790.4,80850.0,80666.9,80848.5,57.04141028999995,trades
1778410800000,80848.6,80954.1,80754.3,80793.0,70.80546387999992,trades
1778414400000,80797.2,80924.8,80773.8,80915.5,24.146043709999987,trades
1778418000000,80915.5,80984.8,80880.0,80938.0,64.27254255000015,trades
1778421600000,80938.0,80988.9,80813.4,80988.9,94.7699318900002,trades
1778425200000,80986.9,81400.0,80945.7,81400.0,166.41664411000028,trades
1778428800000,81400.0,81480.6,81189.6,81338.0,169.18445562000045,trades
1778432400000,81338.1,81533.1,81231.4,81458.3,193.1730601400001,trades
1778436000000,81458.4,81491.2,81250.0,81265.2,29.55160188999995,trades
1778439600000,81265.2,81470.3,81134.0,81400.2,209.82824243000005,trades
1778443200000,81400.3,81441.7,80301.0,80724.2,243.30684601000505,trades
1778446800000,80720.7,80928.5,80584.7,80723.6,35.21393098000004,trades
1778450400000,80723.6,82137.8,80669.5,82002.2,118.89732620000042,trades
1778454000000,82002.2,82436.6,82002.2,82171.8,93.24607021000074,trades
1778457600000,82171.9,82345.1,81284.8,81455.9,58.67171996000008,trades
1778461200000,81460.0,81721.0,81295.5,81506.2,28.330894179999827,trades
1778464800000,81506.2,81545.2,81119.2,81155.2,44.8761261899998,trades
1778468400000,81155.3,81155.3,80508.3,80712.7,57.50062452999986,trades
1778472000000,80712.7,80836.2,80619.6,80815.0,58.42374987,trades
1778475600000,80797.9,80958.9,80742.0,80809.6,28.543427249999883,trades
1778479200000,80809.6,80995.4,80757.0,80834.7,21.352050049999903,trades
1778482800000,80834.8,80834.8,80667.2,80716.8,25.686778339999893,trades
1778486400000,80716.9,80836.7,80600.0,80736.0,8.82224933999997,trades
1778490000000,80736.0,80957.0,80736.0,80955.7,114.17520326999995,trades
1778493600000,80955.8,81183.1,80941.7,80941.7,231.51263854000103,trades
1778497200000,80941.7,81153.9,80907.0,81151.8,27.70453415,trades
1778500800000,81153.5,81318.0,81022.6,81033.0,186.0918181300004,trades
1778504400000,81033.0,81285.1,80743.3,81036.5,77.12334672000001,trades
1778508000000,81036.5,81202.1,80421.5,80918.3,106.03718197999986,trades
1778511600000,80918.4,81409.2,80804.0,81398.4,69.96455446999994,trades
1778515200000,81398.5,81883.8,81330.0,81559.3,117.66991668000011,trades
1778518800000,81559.3,82046.8,81357.5,81921.7,110.5268318200005,trades
1778522400000,81921.8,82100.0,81839.6,81856.3,150.04254275000164,trades
1778526000000,81847.6,82058.9,81741.5,81942.5,88.85974905000005,trades
1778529600000,81943.9,82066.6,81755.0,81798.2,169.1822639400014,trades
1778533200000,81798.2,81872.1,81587.7,81808.6,58.2036456800001,trades
1778536800000,81808.6,81920.0,81720.6,81815.2,63.04075217000001,trades
1778540400000,81815.2,81815.2,81599.2,81730.5,23.307740569999915,trades
1778544000000,81730.6,81760.4,81470.3,81532.1,42.37451373000006,trades
1778547600000,81532.2,81595.1,80700.0,81168.8,177.69633981000277,trades
1778551200000,81171.4,81307.1,81069.6,81224.4,44.45660892999998,trades
1778554800000,81224.5,81249.0,81018.4,81028.2,13.15415080999998,trades
1778558400000,81028.2,81282.4,80995.9,81204.8,51.326970999999965,trades
1778562000000,81204.8,81263.5,81180.7,81227.4,7.730821879999991,trades
1778565600000,81225.7,81273.6,81007.8,81007.8,53.368499149999806,trades
1778569200000,81007.9,81093.6,80789.1,80850.0,38.03087855,trades
1778572800000,80850.1,80931.2,80759.8,80808.0,19.993774389999945,trades
1778576400000,80811.6,80927.3,80700.2,80802.5,14.21503926999997,trades
1778580000000,80802.6,80804.6,80591.0,80636.8,18.30767019,trades
1778583600000,80636.8,80755.4,80479.3,80755.4,31.909055419999948,trades
1778587200000,80755.4,80973.3,80629.1,80859.4,56.81497097000006,trades
1778590800000,80859.5,80900.0,80366.2,80402.0,170.7591998100001,trades
1778594400000,80402.0,80842.7,80363.5,80512.4,71.72497553000025,trades
1778598000000,80512.4,80635.2,80168.5,80332.9,73.56278936000007,trades
1778601600000,80322.8,80406.6,79844.4,79979.0,127.6379273599998,trades
1778605200000,79979.0,80546.9,79943.3,80485.1,52.31097499999992,trades
1778608800000,80485.2,80728.2,80420.0,80666.1,29.797776239999884,trades
1778612400000,80666.1,80841.0,80647.6,80807.9,52.77983090000007,trades
1778616000000,80808.0,80872.7,80635.3,80672.9,145.24533112000103,trades
1778619600000,80672.9,80722.8,80500.0,80571.9,33.40168751999992,trades
1778623200000,80571.9,80765.9,80571.9,80647.3,17.638804179999955,trades
1778626800000,80647.4,80701.7,80415.7,80492.3,14.997590359999984,trades
1778630400000,80492.4,80752.5,80400.0,80698.1,19.435907069999807,trades
1778634000000,80698.1,81158.0,80653.0,80971.2,57.4923870100001,trades
1778637600000,80971.2,81240.0,80922.8,81024.6,21.51837990999993,trades
1778641200000,81024.7,81255.6,80968.1,81215.5,27.01326168999992,trades
1778644800000,81222.5,81244.1,81117.6,81214.9,12.855116339999984,trades
1778648400000,81215.0,81226.9,80993.2,80993.3,21.664112769999942,trades
1778652000000,80993.3,81121.2,80955.5,80955.5,18.92127836999997,trades
1778655600000,80955.6,81016.6,80877.0,81004.7,20.03994293999997,trades
1778659200000,81000.5,81166.0,80923.1,81151.3,18.783357439999943,trades
1778662800000,81151.4,81277.0,81102.4,81250.0,46.02744930999998,trades
1778666400000,81250.0,81250.0,80800.0,80800.1,28.963909139999927,trades
1778670000000,80800.1,80809.0,80468.7,80474.0,46.61303173,trades
1778673600000,80474.0,80551.1,79829.5,80168.8,149.22446794000115,trades
1778677200000,80171.3,80318.7,79565.2,79629.7,177.33608626000154,trades
1778680800000,79629.7,79874.5,79458.9,79728.4,104.42097101000036,trades
1778684400000,79728.5,79822.4,78758.6,78780.1,170.4284431700012,trades
1778688000000,78780.0,79188.1,78720.9,79055.2,113.52373887000016,trades
1778691600000,79055.3,79513.0,79055.3,79488.6,215.94984057000127,trades
1778695200000,79488.5,79774.1,79488.4,79586.6,53.562061370000016,trades
1778698800000,79586.6,79618.4,79354.0,79616.3,52.97429973999992,trades
1778702400000,79616.3,79722.9,79607.3,79680.5,144.38949061000116,trades
1778706000000,79673.9,79677.9,79304.9,79368.4,20.071885919999936,trades
1778709600000,79368.4,79444.2,79197.9,79396.2,41.032513520000016,trades
1778713200000,79399.4,79455.8,79200.0,79292.1,29.746588319999912,trades
1778716800000,79292.1,79641.4,79292.0,79550.2,31.80577004999989,trades
1778720400000,79550.5,79664.9,79400.0,79576.6,18.53448316999989,trades
1778724000000,79576.6,79648.0,79210.6,79324.4,25.79939578999996,trades
1778727600000,79324.5,79424.7,78901.6,79008.6,67.92043390999994,trades
1778731200000,79008.6,79429.8,78946.9,79426.0,29.479061419999937,trades
1778734800000,79426.3,79935.4,79351.1,79778.2,41.13271825999997,trades
1778738400000,79778.2,79903.3,79739.0,79793.1,22.241571220000004,trades
1778742000000,79785.2,79895.0,79682.2,79725.4,30.30520676000003,trades
1778745600000,79725.5,79882.8,79609.1,79786.0,17.017083419999942,trades
1778749200000,79786.1,79868.6,79442.6,79600.3,139.28086645000036,trades
1778752800000,79603.4,79715.8,79390.8,79536.2,17.14503757999992,trades
1778756400000,79536.2,79574.0,79214.6,79245.3,19.17037073999996,trades
1778760000000,79237.9,79748.5,79207.5,79734.1,37.20286670999993,trades
1778763600000,79734.1,80040.6,79641.6,79679.3,175.4714362700025,trades
1778767200000,79679.3,80985.0,79548.0,80953.3,363.69218358999655,trades
1778770800000,80932.0,81300.0,80796.5,81299.9,145.0428127700009,trades
1778774400000,81300.0,81873.9,81091.2,81873.9,357.3350883699954,trades
1778778000000,81874.0,82017.4,81265.3,81662.8,275.58559658000206,trades
1778781600000,81662.8,81950.7,81450.8,81578.5,119.66261793000002,trades
1778785200000,81578.3,81715.1,81333.0,81421.0,75.49700986999989,trades
1778788800000,81421.0,81594.7,81147.5,81389.5,121.49065164000004,trades
1778792400000,81389.5,81518.0,81264.9,81389.7,32.361136339999895,trades
1778796000000,81389.7,81561.2,81342.4,81449.8,31.61709278999992,trades
1778799600000,81449.8,81449.8,81038.0,81070.1,40.98803181999989,trades
1778803200000,81070.1,81646.5,81070.1,81512.8,43.52928610999995,trades
1778806800000,81509.7,81595.6,81113.3,81113.3,17.86271259999989,trades
1778810400000,81122.4,81314.1,80750.0,81278.2,80.03593306000018,trades
1778814000000,81278.2,81300.0,80927.4,81071.1,23.578074549999883,trades
1778817600000,81071.2,81075.3,80685.3,80701.5,34.299183169999765,trades
1778821200000,80701.6,80866.4,80276.8,80327.7,221.3929824100008,trades
1778824800000,80327.8,80617.0,80307.7,80574.0,33.52443110999993,trades
1778828400000,80574.0,80991.7,80552.9,80814.9,57.779010219999854,trades
1778832000000,80814.9,80822.2,80431.0,80627.0,45.82947018999997,trades
1778835600000,80627.1,80644.3,80363.6,80465.6,10.910387209999948,trades
1778839200000,80465.7,80755.4,80414.5,80701.1,21.989231819999887,trades
1778842800000,80701.1,80745.9,80581.1,80615.2,20.24558879999988,trades
1778846400000,80615.3,80628.1,80330.9,80373.4,32.23332530999987,trades
1778850000000,80373.4,80373.4,78658.0,78731.1,535.9201914699851,trades
1778853600000,78731.1,79300.2,78620.0,79130.1,138.78885797000154,trades
1778857200000,79130.1,79338.3,79006.5,79131.6,40.26244859999989,trades
1778860800000,79129.1,79347.8,79110.7,79268.7,33.37353596999975,trades
1778864400000,79268.7,79452.6,79198.1,79428.2,48.80833984000005,trades
1778868000000,79430.9,79509.8,79134.0,79250.1,37.64651286999976,trades
1778871600000,79250.1,79250.1,79034.2,79103.8,26.46262999999981,trades
1778875200000,79103.8,79178.4,78977.3,79086.3,40.254569659999895,trades
1778878800000,79086.3,79161.4,78843.2,78931.5,19.94144767999998,trades
1778882400000,78931.5,79100.0,78931.5,79060.0,42.41464262999992,trades
1778886000000,79060.1,79100.0,79028.7,79062.5,83.06195872999994,trades
1778889600000,79062.6,79175.0,79033.9,79070.3,38.52244236999994,trades
1778893200000,79060.5,79129.1,78971.6,79129.0,37.086001089999954,trades
1778896800000,79129.1,79165.0,79031.2,79086.7,47.48042497999994,trades
1778900400000,79086.8,79146.7,79010.1,79022.5,50.23333972999998,trades
1778904000000,79032.3,79079.7,78835.4,78970.0,27.607648919999967,trades
1778907600000,78970.0,78995.5,78904.6,78995.5,22.487281659999955,trades
1778911200000,78994.2,78994.2,78398.5,78599.8,63.17263590999989,trades
1778914800000,78600.0,78621.5,78031.1,78343.8,208.54963607000207,trades
1778918400000,78343.9,78476.5,78310.0,78384.1,26.45273117999993,trades
1778922000000,78384.1,78405.8,77860.1,78048.1,85.27521525000006,trades
1778925600000,78048.1,78048.1,77624.4,77920.7,83.28430801000017,trades
1778929200000,77920.7,78156.3,77920.7,78048.2,16.091951269999942,trades
1778932800000,78048.3,78074.1,77900.0,78000.0,84.99382888000014,trades
1778936400000,78000.1,78000.1,77800.0,77970.5,38.90070263999991,trades
1778940000000,77970.5,78296.0,77870.1,78098.0,62.70645668,trades
1778943600000,78098.0,78244.5,78041.8,78208.8,55.45668362000006,trades
1778947200000,78208.8,78316.7,78110.6,78177.4,65.65891272999998,trades
1778950800000,78175.6,78289.3,78175.6,78201.3,38.86083284999998,trades
1778954400000,78201.3,78280.7,78111.1,78199.0,44.623893089999896,trades
1778958000000,78199.0,78276.9,78175.6,78233.1,41.65280719999996,trades
1778961600000,78233.1,78275.3,78168.4,78198.8,44.12208211999996,trades
1778965200000,78198.7,78253.2,78196.5,78250.4,10.34694699999997,trades
1778968800000,78250.4,78250.4,78149.8,78157.3,3.5710664000000025,trades
1778972400000,78157.3,78213.6,78106.4,78122.8,25.15555506999996,trades
1778976000000,78122.9,78203.4,77773.6,77907.8,39.05939851999991,trades
1778979600000,77907.8,78076.2,77700.1,77706.2,32.67923869999992,trades
1778983200000,77706.2,77901.5,77706.1,77875.2,17.288491439999945,trades
1778986800000,77875.2,78056.5,77875.1,77974.3,7.321626470000009,trades
1778990400000,77974.4,78164.0,77973.6,78130.0,8.797243069999995,trades
1778994000000,78130.1,78274.9,78076.4,78079.7,24.205343009999968,trades
1778997600000,78079.7,78159.6,78000.5,78059.3,3.86287285,trades
1779001200000,78059.3,78198.1,78030.1,78146.3,6.2347966,trades
1779004800000,78146.3,78149.9,77991.8,78051.7,19.42101939999998,trades
1779008400000,78051.8,78249.0,78028.9,78232.2,63.89637522999994,trades
1779012000000,78232.2,78579.1,78232.1,78405.2,83.7491406400004,trades
1779015600000,78427.4,78427.4,78279.2,78381.9,10.165815129999949,trades
1779019200000,78381.9,78508.0,78312.0,78315.0,44.38541560000003,trades
1779022800000,78315.1,78315.1,78150.0,78172.3,19.461132209999928,trades
1779026400000,78172.3,78175.0,77829.6,78030.1,41.49024269999993,trades
1779030000000,78030.1,78064.9,77900.0,78015.9,23.646330109999845,trades
1779033600000,78016.0,78138.0,78004.1,78012.1,21.47245097999999,trades
1779037200000,78012.1,78056.5,77829.7,78056.5,45.92022827999997,trades
1779040800000,78053.1,78249.7,77985.0,78215.5,37.215215199999896,trades
1779044400000,78221.4,78420.2,78189.6,78384.0,56.37414207999991,trades
1779048000000,78383.9,78404.8,78218.5,78226.2,20.31567625999996,trades
1779051600000,78230.0,78420.0,78201.8,78348.1,61.24228048999999,trades
1779055200000,78361.1,78361.1,77769.3,77950.0,52.50612392999984,trades
1779058800000,77950.0,77950.0,76642.3,77410.0,360.2774845099958,trades
1779062400000,77410.1,77439.7,76882.8,77164.5,143.7488628900035,trades
1779066000000,77164.5,77233.6,76716.9,77059.0,79.26140811999993,trades
1779069600000,77059.0,77172.4,76652.4,76789.7,69.6429220699999,trades
1779073200000,76789.7,76968.4,76781.8,76884.5,34.782395039999926,trades
1779076800000,76884.6,77013.9,76735.0,77007.8,39.19030532999992,trades
1779080400000,77007.9,77037.2,76850.4,76861.6,23.30376996999997,trades
1779084000000,76881.6,76924.7,76561.0,76873.2,34.436508789999884,trades
1779087600000,76873.2,77029.8,76728.1,77021.5,47.38658748999991,trades
1779091200000,77021.5,77117.8,76786.2,76966.6,213.23920856000043,trades
1779094800000,76966.7,76978.4,76829.6,76896.0,45.85074383000007,trades
1779098400000,76896.1,76905.4,76678.3,76736.8,29.58363475999989,trades
1779102000000,76736.8,77350.7,76634.2,77245.2,67.76353016000014,trades
1779105600000,77245.2,77745.5,77226.8,77588.9,129.62219200000038,trades
1779109200000,77588.9,77603.1,76680.0,76906.1,217.7243872300043,trades
1779112800000,76906.2,76927.6,76185.2,76352.6,287.7728250199978,trades
1779116400000,76352.6,76417.5,76020.8,76341.5,141.76260878000136,trades
1779120000000,76342.9,76592.1,76178.8,76364.1,61.02682430999972,trades
1779123600000,76364.1,76698.8,76322.7,76649.0,26.50309677999982,trades
1779127200000,76649.1,76649.1,76099.9,76195.0,39.31001264999991,trades
1779130800000,76195.1,76946.4,76186.3,76835.8,220.0208067700014,trades
1779134400000,76850.1,77100.0,76828.3,76860.2,110.38762879000024,trades
1779138000000,76860.2,77100.0,76736.8,77065.5,50.54972463999998,trades
1779141600000,77065.6,77160.0,76896.8,77026.3,32.11196385999987,trades
1779145200000,77026.3,77093.3,76896.8,76946.5,27.89869864999994,trades
1779148800000,76946.4,77336.2,76918.0,77082.7,97.73494034000014,trades
1779152400000,77082.7,77097.8,76599.9,76624.9,638.655653630009,trades
1779156000000,76625.0,76938.1,76391.6,76551.4,625.7098229399965,trades
1779159600000,76551.4,76791.9,76528.6,76713.8,13.091991409999912,trades
1779163200000,76713.8,76877.5,76653.4,76869.9,12.550604889999953,trades
1779166800000,76869.9,76926.9,76600.0,76850.3,9.838804429999968,trades
1779170400000,76850.4,77029.7,76836.5,76964.7,24.297967889999875,trades
1779174000000,76964.7,77200.0,76925.0,77175.5,72.58267653999995,trades
1779177600000,77175.5,77234.2,76919.3,76980.3,30.88752707999997,trades
1779181200000,76983.3,76996.6,76632.1,76773.2,48.10133631999996,trades
1779184800000,76773.2,77035.8,76628.8,76972.7,64.35391721000006,trades
1779188400000,76972.8,77025.6,76580.2,76645.6,21.72475523999988,trades
1779192000000,76645.7,76904.9,76598.0,76884.9,25.12616596999992,trades
1779195600000,76884.9,76997.1,76550.0,76802.3,106.16503104,trades
1779199200000,76802.4,76918.1,76093.6,76325.6,171.3237012400031,trades
1779202800000,76325.7,76612.4,76280.7,76450.2,87.37397223999973,trades
1779206400000,76450.7,76847.3,76344.2,76828.4,57.5179467199999,trades
1779210000000,76828.4,76947.3,76687.3,76791.4,44.42687358999984,trades
1779213600000,76791.4,76877.3,76671.7,76727.7,51.376448550000006,trades
1779217200000,76727.7,77004.5,76708.0,76739.2,38.437159379999954,trades
1779220800000,76739.2,76975.3,76739.2,76974.7,36.074451299999936,trades
1779224400000,76974.8,76976.3,76916.1,76937.4,27.65223985999996,trades
1779228000000,76937.4,76937.4,76600.0,76650.6,28.13273894999985,trades
1779231600000,76650.6,76901.5,76617.8,76756.3,13.192380349999906,trades
1779235200000,76756.3,76812.2,76459.6,76699.1,67.18237542000017,trades
1779238800000,76699.2,76834.6,76467.2,76742.9,89.32581651000014,trades
1779242400000,76742.9,76818.2,76542.9,76610.0,24.56119927999982,trades
1779246000000,76610.0,76731.1,76526.8,76652.8,37.47373112999989,trades
1779249600000,76652.8,76744.7,76611.0,76695.1,9.681719889999991,trades
1779253200000,76695.1,77243.1,76695.0,77119.3,81.91894350000008,trades
1779256800000,77119.3,77336.8,77116.5,77325.9,25.54509532999987,trades
1779260400000,77325.9,77373.3,77182.3,77209.4,40.37543948999993,trades
1779264000000,77203.0,77500.0,77127.6,77378.6,75.35246034999994,trades
1779267600000,77378.7,77461.5,77288.9,77405.5,45.42228292999992,trades
1779271200000,77405.5,77574.3,77405.4,77448.0,103.30448249999992,trades
1779274800000,77448.1,77468.1,77252.3,77303.0,43.00417762999991,trades
1779278400000,77304.8,77654.9,77290.0,77550.2,34.0572924199999,trades
1779282000000,77548.3,77580.9,76904.3,77142.3,64.80329879999988,trades
1779285600000,77132.8,77483.1,76819.0,77369.2,51.69002608999973,trades
1779289200000,77369.2,77750.0,77237.1,77379.3,44.95557552999964,trades
1779292800000,77379.3,77481.6,76941.1,77269.7,45.24519308999992,trades
1779296400000,77269.7,77629.0,77157.8,77497.2,39.47614981999979,trades
1779300000000,77497.3,77558.1,77328.8,77342.1,32.24965003999984,trades
1779303600000,77342.1,77633.7,77282.4,77598.2,66.48196213999992,trades
1779307200000,77598.3,77680.0,77403.6,77648.7,169.971830470002,trades
1779310800000,77649.8,77696.0,77443.0,77443.0,30.56370284999989,trades
1779314400000,77443.0,77443.0,77152.7,77425.0,62.46084433999987,trades
1779318000000,77425.0,77479.4,77320.0,77479.4,10.928408919999963,trades
1779321600000,77477.5,77969.7,77457.5,77878.8,126.82935361999994,trades
1779325200000,77878.8,78070.0,77731.7,77777.6,116.69891107000066,trades
1779328800000,77777.6,78021.5,77750.7,77892.0,20.126588899999906,trades
1779332400000,77889.8,78000.0,77837.7,77998.4,32.66819031,trades
1779336000000,77998.5,78078.0,77876.6,77938.5,23.89357428999996,trades
1779339600000,77947.3,78049.6,77640.2,77746.7,151.68439423000035,trades
1779343200000,77745.6,77788.7,77468.0,77531.0,10.959622889999972,trades
1779346800000,77531.0,77825.7,77457.5,77811.5,12.934426389999937,trades
1779350400000,77811.6,78100.0,77811.5,77860.0,20.729357629999864,trades
1779354000000,77859.9,77879.6,77575.7,77575.7,6.995947600000002,trades
1779357600000,77575.8,77602.3,77087.0,77126.8,37.37341382999988,trades
1779361200000,77126.8,77296.6,77067.6,77108.1,37.561223319999925,trades
1779364800000,77108.2,77276.5,77012.2,77209.8,45.693208819999946,trades
1779368400000,77209.8,77275.0,76652.5,77032.5,86.02334668000006,trades
1779372000000,77046.3,77150.0,76701.1,76910.0,44.49307756999975,trades
1779375600000,76910.1,77317.6,76830.0,77181.4,34.40063214999981,trades
1779379200000,77181.4,77251.9,76949.6,77124.8,98.36916364999983,trades
1779382800000,77125.1,78000.0,77103.5,77799.9,194.2548603900052,trades
1779386400000,77801.7,77855.5,77187.9,77305.9,71.85069502000015,trades
1779390000000,77306.4,77729.6,77297.3,77612.9,58.55699990999985,trades
1779393600000,77613.0,77724.6,77591.2,77630.8,22.34669340999984,trades
1779397200000,77630.8,77736.1,77591.2,77594.3,11.11881948999996,trades
1779400800000,77594.4,77683.1,77474.9,77553.1,17.393526529999928,trades
1779404400000,77553.1,77680.3,77462.9,77549.7,8.693877430000004,trades
1779408000000,77549.8,77549.8,77300.0,77302.1,28.47746142999992,trades
1779411600000,77305.1,77582.4,77262.0,77532.9,13.307437309999877,trades
1779415200000,77533.0,77649.7,77527.9,77606.2,26.101383149999933,trades
1779418800000,77606.2,77736.3,77606.1,77704.3,30.317151629999888,trades
1779422400000,77704.3,77809.9,77571.2,77583.5,21.28102825999991,trades
1779426000000,77583.5,77650.2,77391.8,77406.7,25.048646969999897,trades
1779429600000,77406.7,77428.0,77300.0,77339.5,8.20323064,trades
1779433200000,77339.6,77458.3,77211.5,77339.1,19.16838737999992,trades
1779436800000,77338.6,77453.8,77132.3,77175.1,16.152481619999897,trades
1779440400000,77175.2,77250.0,77120.7,77221.6,38.26925128999999,trades
1779444000000,77221.6,77250.0,77175.0,77225.1,41.579098730000005,trades
1779447600000,77225.2,77330.0,77095.4,77330.0,49.02282094999992,trades
1779451200000,77330.0,77495.3,77301.6,77426.0,55.06004381999993,trades
1779454800000,77426.1,77460.0,77050.0,77181.6,75.54288856,trades
1779458400000,77184.3,77184.3,76666.7,76687.1,108.1280930400001,trades
1779462000000,76687.2,76942.2,76500.0,76702.0,108.73436347000026,trades
1779465600000,76702.1,76914.1,76700.0,76872.4,19.9182508899998,trades
1779469200000,76872.5,76993.5,76659.6,76661.3,30.11399145999981,trades
1779472800000,76661.3,76821.3,76017.4,76432.6,253.57764648000168,trades
1779476400000,76432.6,76499.9,75580.0,75768.8,209.49131198000464,trades
1779480000000,75768.8,76006.9,75732.5,75901.9,101.02220181000004,trades
1779483600000,75902.0,75997.3,75843.2,75900.1,41.04013102000009,trades
1779487200000,75900.1,75900.1,75447.9,75650.1,80.26914121000002,trades
1779490800000,75650.1,75791.3,75288.0,75456.5,106.51478629000012,trades
1779494400000,75456.6,75538.8,75136.4,75275.4,65.47041323000016,trades
1779498000000,75275.4,75417.3,75275.4,75411.5,61.85266286999994,trades
1779501600000,75411.5,75492.7,75344.6,75482.0,25.898486049999907,trades
1779505200000,75482.0,75576.1,75482.0,75544.7,72.80928617999999,trades
1779508800000,75544.7,75564.9,75416.3,75452.7,27.334452019999944,trades
1779512400000,75452.7,75478.4,75380.7,75394.7,51.06523711,trades
1779516000000,75394.7,75417.3,75297.2,75321.2,9.670272869999984,trades
1779519600000,75321.2,75358.8,74209.4,74505.8,262.2629883,trades
1779523200000,74505.8,74649.9,74273.3,74598.0,42.62741019999972,trades
1779526800000,74598.1,74665.6,74548.7,74576.4,31.55330619999993,trades
1779530400000,74576.4,74705.5,74576.4,74649.1,36.68928995000001,trades
1779534000000,74649.1,74772.1,74649.0,74730.9,24.530134439999976,trades
1779537600000,74730.9,74730.9,74581.6,74681.7,13.094476729999943,trades
1779541200000,74678.7,75175.7,74678.6,75122.6,76.46086688000004,trades
1779544800000,75122.7,75617.4,75033.0,75439.7,85.60331248000017,trades
1779548400000,75439.7,75595.5,75318.6,75421.5,106.95388727000056,trades
1779552000000,75421.6,75537.5,75327.7,75354.5,44.434786410000015,trades
1779555600000,75354.5,75424.0,75283.9,75420.0,39.270268999999935,trades
1779559200000,75420.0,75896.7,75383.5,75761.1,71.12793176999996,trades
1779562800000,75761.1,75900.0,75699.1,75895.1,45.20692773999991,trades
1779566400000,75891.8,77199.0,75866.3,77182.4,393.72017323000296,trades
1779570000000,77182.5,77308.2,76461.6,76700.1,118.35616020000036,trades
1779573600000,76700.1,76785.8,76307.7,76486.1,128.11289740000038,trades
1779577200000,76486.2,76700.0,76453.7,76670.1,25.53401111999979,trades
1779580800000,76670.1,76827.5,76552.0,76744.3,33.68123868999992,trades
1779584400000,76744.3,76823.5,76659.0,76787.6,35.85756693999993,trades
1779588000000,76787.6,76840.0,76628.0,76733.4,16.3015889099999,trades
1779591600000,76733.4,76915.8,76650.0,76650.1,8.784599200000008,trades
1779595200000,76650.1,76751.0,76650.0,76682.2,15.081110329999964,trades
1779598800000,76682.1,76771.0,76562.8,76731.0,63.29650351,trades
1779602400000,76730.7,76938.2,76623.1,76891.6,42.58622841999993,trades
1779606000000,76892.4,76909.6,76704.0,76704.1,74.66181273000004,trades
1779609600000,76704.1,76754.9,76631.9,76723.2,44.636473839999965,trades
1779613200000,76723.2,76933.0,76723.1,76932.9,76.10839678000006,trades
1779616800000,76932.9,77421.2,76839.3,77094.6,70.64800114000015,trades
1779620400000,77094.5,77220.0,77083.4,77183.9,37.66041983000007,trades
1779624000000,77184.0,77200.0,76962.5,77004.2,25.38422281999988,trades
1779627600000,77004.3,77020.0,76606.6,76693.3,28.444365079999848,trades
1779631200000,76694.8,76729.2,76127.2,76367.5,74.4023317400001,trades
1779634800000,76367.6,76462.5,76287.7,76287.8,36.136051619999925,trades
1779638400000,76287.8,76629.7,76287.7,76581.2,51.83404910999984,trades
1779642000000,76581.2,76680.1,76481.7,76605.1,16.21337457999998,trades
1779645600000,76605.1,76676.4,76500.1,76578.5,24.745586959999912,trades
1779649200000,76578.5,76680.6,76522.2,76680.6,18.355504559999964,trades
1779652800000,76676.1,76676.1,76519.1,76566.9,33.065731529999894,trades
1779656400000,76567.0,76645.2,76020.5,76065.4,113.49705697000029,trades
1779660000000,76065.4,76917.0,76045.5,76713.7,89.68084751000025,trades
1779663600000,76709.4,77114.2,76709.4,76984.9,59.69591432000006,trades
1779667200000,76980.7,77178.6,76980.7,77041.9,22.875873089999875,trades
1779670800000,77041.9,77147.9,76833.8,76850.6,28.89340479999989,trades
1779674400000,76850.7,77381.1,76850.7,77008.4,67.1891058799998,trades
1779678000000,77008.5,77075.4,76926.4,76935.2,16.674191779999887,trades
1779681600000,76935.2,77336.2,76915.1,77295.7,17.322816729999964,trades
1779685200000,77295.8,77400.0,77237.9,77315.4,28.792500149999768,trades
1779688800000,77315.4,77552.9,77139.6,77331.4,73.55101077000003,trades
1779692400000,77331.4,77419.9,77103.5,77290.6,23.552866489999964,trades
1779696000000,77292.0,77373.4,77195.4,77365.8,9.139402529999984,trades
1779699600000,77367.5,77642.8,77340.0,77522.1,149.9676476300013,trades
1779703200000,77522.2,77602.2,77423.1,77462.7,9.176333799999965,trades
1779706800000,77462.7,77462.7,77250.6,77278.6,30.59229104999987,trades
1779710400000,77278.7,77345.7,77218.6,77291.4,20.94568311999989,trades
1779714000000,77291.4,77374.5,77224.5,77267.0,37.75259568999989,trades
1779717600000,77267.1,77689.6,77252.5,77639.3,41.47561556,trades
1779721200000,77639.3,77809.9,77484.8,77556.6,38.99149721000002,trades
1779724800000,77556.6,77700.0,77443.7,77671.6,106.42695045999989,trades
1779728400000,77671.6,77737.5,77481.6,77500.0,29.575156789999777,trades
1779732000000,77500.0,77594.3,77473.2,77482.8,25.38555635999992,trades
1779735600000,77482.9,77482.9,77300.0,77384.6,16.923527809999882,trades
1779739200000,77384.7,77420.0,77135.1,77206.9,19.54921519999989,trades
1779742800000,77206.9,77319.2,77206.8,77301.0,11.76275183,trades
1779746400000,77301.1,77371.6,76975.1,77041.4,44.27242415999998,trades
1779750000000,77041.5,77291.6,77006.3,77265.9,5.998520600000001,trades
1779753600000,77265.9,77275.5,76512.8,76719.0,43.096833300000135,trades
1779757200000,76719.0,76800.0,76531.2,76689.2,33.19901648999975,trades
1779760800000,76689.2,76736.9,76450.0,76575.3,35.32792993999994,trades
1779764400000,76575.5,76624.0,76393.0,76587.7,24.80030452999992,trades
1779768000000,76587.8,76715.4,76545.0,76689.3,33.31232092999998,trades
1779771600000,76689.3,76915.2,76638.8,76824.9,21.514465819999938,trades
1779775200000,76824.9,76956.6,76712.3,76837.3,6.130977720000003,trades
1779778800000,76837.3,76837.3,76512.6,76637.1,11.962035679999945,trades
1779782400000,76636.4,76752.1,76604.6,76650.2,17.60963949999998,trades
1779786000000,76650.2,76715.4,76573.3,76590.7,10.80706647999996,trades
1779789600000,76590.7,77528.6,76500.1,77356.8,219.848266950004,trades
1779793200000,77356.9,77401.9,77098.7,77101.1,101.3549307900001,trades
1779796800000,77101.1,77139.1,76811.5,77046.2,59.12554877999993,trades
1779800400000,77046.3,77364.0,76615.9,77135.1,121.05047535999918,trades
1779804000000,77138.9,77989.3,76661.8,76842.5,392.7962993300016,trades
1779807600000,76842.5,76923.8,76158.4,76420.6,158.56537764000095,trades
1779811200000,76412.0,76588.2,76114.7,76455.6,117.69439775000048,trades
1779814800000,76451.6,76536.7,75745.3,75820.6,265.2686743800022,trades
1779818400000,75820.7,76149.3,75647.4,75716.1,177.62420946000125,trades
1779822000000,75724.4,75971.3,75695.6,75921.7,98.87602259999998,trades
1779825600000,75927.6,76061.8,75890.0,75997.8,55.36134414000013,trades
1779829200000,75997.9,76009.9,75745.4,75780.0,36.034072799999926,trades
1779832800000,75779.9,75887.0,75555.3,75624.2,138.39680340000027,trades
1779836400000,75624.3,75869.1,75624.3,75824.0,61.94441859999996,trades
1779840000000,75827.7,75974.0,75763.4,75965.2,110.33859139000018,trades
1779843600000,75965.3,75983.6,75710.0,75761.2,100.17744113000016,trades
1779847200000,75761.2,75779.9,75572.8,75730.8,24.560065769999888,trades
1779850800000,75741.4,75850.6,75506.0,75553.6,30.165900719999872,trades
1779854400000,75553.6,75575.0,75200.0,75471.0,57.79236412000001,trades
1779858000000,75471.1,75598.0,75459.5,75590.0,38.21547224000005,trades
1779861600000,75590.0,75769.8,75589.9,75715.4,26.15306242999988,trades
1779865200000,75715.5,75856.2,75657.1,75856.2,14.152667169999932,trades
1779868800000,75856.2,75938.5,75733.2,75756.1,28.87595328999996,trades
1779872400000,75756.2,75860.2,75610.0,75789.0,59.10432231999997,trades
1779876000000,75789.1,75910.9,75763.3,75786.5,13.341615309999954,trades
1779879600000,75786.5,75890.0,75641.8,75641.8,14.971234579999946,trades
1779883200000,75641.9,76041.7,75459.0,75574.8,58.07658052999986,trades
1779886800000,75574.9,75635.5,74731.3,74929.2,188.34313471000263,trades
1779890400000,74934.4,75118.0,74650.0,74900.7,73.05973787999955,trades
1779894000000,74900.2,75357.5,74845.4,75196.6,32.22858452999984,trades
1779897600000,75196.7,75263.8,74879.8,75178.2,56.19957846999982,trades
1779901200000,75179.7,75200.0,74528.9,74727.8,116.41914167999998,trades
1779904800000,74726.7,74887.2,74548.2,74887.2,33.73649491999994,trades
1779908400000,74887.3,74967.5,74807.5,74916.7,102.07658717000012,trades
1779912000000,74922.3,75283.8,74922.2,75138.7,133.47725050000045,trades
1779915600000,75139.1,75139.1,74226.5,74350.4,148.74156832000023,trades
1779919200000,74362.7,74650.0,74153.6,74308.2,81.09611807000007,trades
1779922800000,74308.2,74443.6,74121.0,74337.1,53.4967046799998,trades
1779926400000,74337.0,74467.1,74238.0,74441.2,14.616144959999886,trades
1779930000000,74441.2,74462.8,74050.0,74215.5,57.15536235999974,trades
1779933600000,74215.5,74263.7,74014.5,74145.0,50.43937982999976,trades
1779937200000,74145.0,74247.4,72960.0,73133.1,486.0590948100004,trades
1779940800000,73133.1,73136.0,72615.3,73049.9,256.83402850000635,trades
1779944400000,73049.9,73049.9,72776.5,72850.5,258.4907269900013,trades
1779948000000,72850.5,73075.4,72649.5,73074.2,66.57372572999978,trades
1779951600000,73074.3,73354.9,73039.0,73340.8,49.84896059999975,trades
1779955200000,73355.0,73357.9,73080.0,73185.1,68.07731423999968,trades
1779958800000,73185.2,73430.0,73128.4,73418.8,28.984434220000026,trades
1779962400000,73418.8,73501.7,73237.0,73286.2,26.95970859999992,trades
1779966000000,73286.1,73409.8,73199.0,73378.5,50.88200680999981,trades
1779969600000,73378.6,73449.9,73142.3,73397.8,66.86479790999978,trades
1779973200000,73397.8,73449.9,72650.0,72930.6,195.4586029400027,trades
1779976800000,72896.0,73420.7,72470.0,72896.0,143.38666277000192,trades
1779980400000,72895.1,73024.0,72571.0,72806.3,107.84968659999969,trades
1779984000000,72806.3,73300.0,72605.9,73299.9,254.68259726000235,trades
1779987600000,73300.0,73621.9,73202.5,73441.1,219.3662037300044,trades
1779991200000,73441.2,73628.8,73411.5,73527.3,90.44655260000008,trades
1779994800000,73527.4,73529.1,73276.9,73300.7,45.15596378999996,trades
1779998400000,73300.8,73600.0,73140.8,73475.8,64.35688775000004,trades
1780002000000,73475.5,73809.3,73450.0,73727.8,124.61745863000016,trades
1780005600000,73719.4,73827.0,73352.5,73366.9,49.3694927100002,trades
1780009200000,73367.6,73621.3,73367.6,73515.7,45.329627560000056,trades
1780012800000,73516.5,73747.9,73516.5,73611.2,41.60804114000001,trades
1780016400000,73614.8,73747.9,73360.9,73483.9,29.539064199999707,trades
1780020000000,73483.9,73537.3,73072.9,73101.7,34.04416231999988,trades
1780023600000,73101.8,73339.9,73101.8,73186.3,7.835649429999997,trades
1780027200000,73186.4,73402.0,73100.8,73400.1,26.47200220999993,trades
1780030800000,73400.1,73600.0,73385.9,73594.6,21.28440837999995,trades
1780034400000,73594.7,73800.0,73529.2,73684.9,26.649623549999863,trades
1780038000000,73681.1,73724.2,73282.4,73422.3,58.01039100000015,trades
1780041600000,73419.7,73722.9,73419.7,73542.4,49.53416572999991,trades
1780045200000,73544.1,73782.8,73544.0,73641.8,45.40584953000004,trades
1780048800000,73640.8,73640.8,73500.0,73528.2,87.62033090999992,trades
1780052400000,73528.2,73587.6,73235.3,73364.0,72.73797439999981,trades
1780056000000,73364.0,73364.4,73082.1,73190.0,104.81287267999988,trades
1780059600000,73190.0,73227.1,72787.6,73031.6,68.8476384000001,trades
1780063200000,73030.3,73088.9,72362.8,72981.5,217.33001366000587,trades
1780066800000,72984.8,74071.5,72891.1,73696.4,205.93732738000537,trades
1780070400000,73696.5,73987.6,73456.7,73941.5,131.97618560999996,trades
1780074000000,73941.5,74200.0,73812.5,73866.9,166.27471696000214,trades
1780077600000,73867.0,73953.1,73099.1,73272.5,57.68771756999987,trades
1780081200000,73272.6,73625.0,73139.6,73418.0,81.42906273000027,trades
1780084800000,73413.5,73658.8,73413.5,73582.6,21.61393912999982,trades
1780088400000,73582.6,73729.6,73318.4,73318.5,40.95428467999999,trades
1780092000000,73318.5,73474.0,73279.8,73391.6,17.990777879999808,trades
1780095600000,73391.6,73411.9,73227.4,73370.7,20.243611109999883,trades
1780099200000,73370.7,73478.9,73312.9,73409.7,28.099026619999734,trades
1780102800000,73400.8,73571.0,73368.4,73562.9,22.328694049999875,trades
1780106400000,73563.0,73693.9,73510.8,73689.7,43.90801498000001,trades
1780110000000,73689.7,73703.5,73425.2,73430.2,48.53903879,trades
1780113600000,73429.3,73482.7,73131.0,73298.8,29.02191601999984,trades
1780117200000,73299.1,73538.2,73248.2,73514.2,65.70077324999995,trades
1780120800000,73506.1,73605.8,73425.5,73489.6,13.163631559999924,trades
1780124400000,73489.6,73499.7,73383.2,73443.1,5.156655980000008,trades
1780128000000,73443.2,73468.1,73398.8,73422.7,31.622601079999978,trades
1780131600000,73422.7,73515.3,73402.4,73506.2,4.782184390000009,trades
1780135200000,73506.3,73578.2,73484.3,73545.5,3.087166570000004,trades
1780138800000,73550.8,73551.3,73456.5,73494.5,4.423244489999996,trades
1780142400000,73494.6,73598.3,73486.0,73592.8,23.929011029999955,trades
1780146000000,73588.1,73729.5,73587.4,73723.3,14.19911592999993,trades
1780149600000,73723.4,73968.8,73705.2,73823.7,23.97853429999983,trades
1780153200000,73823.7,73927.6,73742.5,73811.4,48.38859018999978,trades
1780156800000,73811.4,73869.1,73770.0,73824.6,9.92419887999998,trades
1780160400000,73824.6,73912.4,73705.0,73910.4,21.90430699999993,trades
1780164000000,73912.8,74004.4,73851.0,73934.6,58.90376446000005,trades
1780167600000,73934.6,73964.9,73860.9,73901.1,34.62488888999996,trades
1780171200000,73901.1,73907.4,73813.2,73857.5,15.04118089999996,trades
1780174800000,73858.3,73950.6,73825.1,73853.0,25.149457379999863,trades
1780178400000,73868.9,73868.9,73700.0,73780.0,19.461330769999968,trades
1780182000000,73780.0,73881.8,73686.9,73753.7,12.046569619999964,trades
1780185600000,73778.8,73926.6,73751.6,73919.7,5.866771740000006,trades
1780189200000,73919.8,74161.0,73919.7,73945.5,25.886945299999912,trades
1780192800000,73945.6,74128.2,73779.1,73972.0,24.21244456999993,trades
1780196400000,73972.1,74100.4,73966.2,74037.6,13.311221239999892,trades
1780200000000,74037.6,74109.3,73995.3,74082.0,8.887965919999967,trades
1780203600000,74079.8,74093.0,73952.0,73952.8,3.5626258400000026,trades
1780207200000,73952.1,73990.9,73883.0,73946.6,4.325657530000002,trades
1780210800000,73946.6,73946.6,73734.5,73767.6,9.215051899999969,trades
1780214400000,73767.6,73872.4,73727.0,73833.0,17.820760809999978,trades
1780218000000,73833.1,73915.8,73712.1,73736.6,3.862784310000014,trades
1780221600000,73736.6,73783.1,73617.8,73783.1,21.83485815999999,trades
1780225200000,73783.1,73855.6,73775.5,73838.3,5.873238669999996,trades
1780228800000,73838.4,73869.8,73769.6,73807.2,17.189983269999967,trades
1780232400000,73807.2,73901.1,73713.1,73750.7,5.362418320000001,trades
1780236000000,73750.7,73750.7,73405.6,73484.1,46.40829675999997,trades
1780239600000,73484.1,73660.0,73484.1,73545.1,24.22994666999988,trades
1780243200000,73545.1,73617.8,73272.9,73425.9,37.330928119999896,trades
1780246800000,73425.9,73631.3,73361.8,73587.6,36.94243136000008,trades
1780250400000,73587.6,73609.4,73459.7,73506.1,11.17618458999994,trades
1780254000000,73503.2,73549.9,73347.4,73451.2,9.31138941999996,trades
1780257600000,73451.1,73650.0,73451.1,73628.6,8.339066849999961,trades
1780261200000,73628.7,73799.9,73516.6,73785.0,31.726771529999866,trades
1780264800000,73785.0,73888.0,73578.3,73837.7,37.87784592999992,trades
1780268400000,73837.7,74070.0,73363.6,73570.0,28.876416789999723,trades
1780272000000,73569.9,73960.0,73550.1,73777.8,28.859302789999774,trades
1780275600000,73777.8,73802.7,73173.0,73193.4,38.88623432999964,trades
1780279200000,73194.6,73765.7,73155.0,73681.8,51.3302545099999,trades
1780282800000,73680.4,73889.1,73640.8,73673.1,12.549520469999804,trades
1780286400000,73673.0,73745.9,73260.5,73429.8,15.471419979999894,trades
1780290000000,73429.8,73434.3,73218.4,73256.2,25.012483759999828,trades
1780293600000,73256.6,73270.0,72867.8,73041.7,50.18278573999971,trades
1780297200000,73042.0,73100.0,72613.7,72719.8,64.65336484000032,trades
1780300800000,72719.8,72835.3,72523.5,72799.8,53.97957811000016,trades
1780304400000,72799.9,72999.9,72732.7,72789.6,89.76191249,trades
1780308000000,72789.7,72817.3,72508.6,72659.2,39.27791683999972,trades
1780311600000,72659.2,72683.5,72200.0,72384.3,116.6311886300002,trades
1780315200000,72391.6,72529.3,71844.0,72130.0,187.3290598600043,trades
1780318800000,72127.3,72143.2,71275.0,71614.2,279.39324817000465,trades
1780322400000,71614.1,71774.4,71285.0,71419.8,136.787480140001,trades
1780326000000,71432.3,71549.9,70964.6,71000.0,168.0769502900033,trades
1780329600000,71000.0,71488.9,70581.5,71455.2,224.39729854000544,trades
1780333200000,71455.2,71679.6,71373.0,71551.4,189.83510204000245,trades
1780336800000,71550.1,71592.5,71284.9,71415.0,70.0959343900001,trades
1780340400000,71415.1,71578.5,71294.5,71493.2,54.548334040000086,trades
1780344000000,71495.0,71595.0,71321.5,71354.5,61.36682429000025,trades
1780347600000,71354.1,71365.5,70850.6,70950.1,80.03319592000025,trades
1780351200000,70950.0,71336.4,70750.0,71310.0,228.0782359200031,trades
1780354800000,71310.1,71464.9,71130.1,71317.5,43.85837277999986,trades
1780358400000,71315.5,71315.5,71010.0,71177.7,30.99973184999949,trades
1780362000000,71177.7,71276.5,70524.8,70539.4,62.94690305999983,trades
1780365600000,70539.4,70765.2,70000.0,70736.2,115.03313936999947,trades
1780369200000,70740.0,70918.2,70710.0,70846.2,45.721980339999725,trades
1780372800000,70846.2,70928.6,70605.6,70695.0,81.40214839999976,trades
1780376400000,70695.0,70700.0,70156.7,70158.4,139.39184488000012,trades
1780380000000,70156.6,70333.6,69840.0,69989.0,174.14423965999958,trades
1780383600000,69989.9,70155.0,69647.8,70022.1,168.2134618400029,trades
1780387200000,70020.1,70065.0,69605.8,69705.1,89.92709610999947,trades
1780390800000,69705.1,69754.1,69236.5,69300.2,118.00329918999964,trades
1780394400000,69300.2,69645.0,69244.2,69542.6,292.6682698400011,trades
1780398000000,69533.7,69540.0,69316.3,69362.5,95.56072610999956,trades
1780401600000,69360.1,69434.9,68925.3,68925.4,191.9859020900026,trades
1780405200000,68925.4,69081.2,68650.0,68691.0,266.6221956099999,trades
1780408800000,68691.0,68715.0,67530.1,67874.9,561.0665029299875,trades
1780412400000,67875.0,67942.7,66964.6,67197.7,426.9559222999948,trades
1780416000000,67197.7,68001.5,67125.1,67303.4,351.7850462599951,trades
1780419600000,67303.4,67725.0,67279.2,67380.1,140.35858355000053,trades
1780423200000,67380.1,67545.0,67029.5,67231.4,172.4327643100016,trades
1780426800000,67234.2,67366.5,66327.3,67209.9,445.0507128699923,trades
1780430400000,67206.9,67590.6,66820.6,67488.2,140.32866976000102,trades
1780434000000,67490.1,67802.8,67317.7,67467.3,86.83641466000023,trades
1780437600000,67467.2,67467.2,66170.0,66278.4,361.5899875799975,trades
1780441200000,66285.0,66772.4,66111.8,66669.7,174.6408205600069,trades
1780444800000,66669.7,67083.3,66569.5,66841.4,221.6895605800077,trades
1780448400000,66841.5,66963.0,66384.8,66840.0,160.6067706400025,trades
1780452000000,66840.0,66840.0,66510.1,66526.0,38.33765181999993,trades
1780455600000,66525.2,66569.9,65379.8,65770.5,286.0396814799942,trades
1780459200000,65770.5,66526.8,65754.7,66379.3,92.53753911999976,trades
1780462800000,66379.3,67306.7,66379.3,67237.1,155.14107181000367,trades
1780466400000,67235.9,67420.0,66873.9,66877.6,69.30365824999978,trades
1780470000000,66877.6,67226.0,66786.3,67130.6,40.8222415599997,trades
1780473600000,67129.3,67155.0,66883.0,66930.1,41.80825580999976,trades
1780477200000,66930.2,67212.1,66556.6,66977.7,91.43306896,trades
1780480800000,66975.9,67374.9,66969.7,67195.5,117.23492818,trades
1780484400000,67200.0,67262.4,66969.7,66985.0,63.90231890000021,trades
1780488000000,66985.0,67060.1,66705.1,66985.1,63.31248377000016,trades
1780491600000,66988.8,67140.0,66533.0,66789.1,142.93231880000238,trades
1780495200000,66798.5,66893.8,66544.1,66766.3,98.4663523799996,trades
1780498800000,66766.1,66780.0,66000.0,66000.0,264.4042636600077,trades
1780502400000,66000.1,66250.0,65480.1,65976.2,264.2714874900047,trades
1780506000000,65979.0,66090.0,65620.8,65872.8,154.12848773000283,trades
1780509600000,65872.2,66059.9,65669.9,65965.9,130.58489735000006,trades
1780513200000,65964.1,65976.6,65187.4,65376.1,227.80639319000028,trades
1780516800000,65375.9,65521.6,64688.0,64903.1,288.61909628999894,trades
1780520400000,64903.2,65761.5,64869.0,65672.1,210.46612560000247,trades
1780524000000,65684.5,65730.0,64688.0,64810.1,199.7873023300025,trades
1780527600000,64810.0,64883.7,64000.0,64035.8,356.8260846100011,trades
1780531200000,64036.1,64320.0,62920.5,63245.0,570.069053949983,trades
1780534800000,63244.3,63399.3,62038.6,62099.9,553.665654459983,trades
1780538400000,62100.0,63553.4,61255.9,63153.0,918.2417035099418,trades
1780542000000,63153.0,64444.0,63153.0,64290.0,411.0795229299866,trades
1780545600000,64290.0,64686.1,64214.7,64327.7,164.41332048000248,trades
1780549200000,64327.7,64327.7,63605.2,63898.8,435.39179695999326,trades
1780552800000,63898.3,64403.8,63825.0,63979.6,154.10527306000213,trades
1780556400000,63979.6,63996.0,63351.3,63525.1,222.67843832000528,trades
1780560000000,63543.0,63826.8,63197.0,63546.1,226.3857724700065,trades
1780563600000,63546.1,63569.9,62650.0,63179.1,129.1471184100007,trades
1780567200000,63179.1,63179.4,62238.6,62353.0,231.7159678400021,trades
1780570800000,62352.9,62755.0,62038.8,62476.1,486.854025659998,trades
1780574400000,62479.2,63915.9,62312.4,63706.9,188.85040703000183,trades
1780578000000,63707.0,64203.3,63016.3,64150.0,519.477039339992,trades
1780581600000,64157.0,64434.8,63750.0,63897.1,283.28026866999994,trades
1780585200000,63897.2,64326.6,63628.1,63826.7,193.23078693000195,trades
1780588800000,63826.8,63858.0,63384.2,63485.7,98.68552260000033,trades
1780592400000,63485.8,63645.8,62897.0,63460.1,174.58167616000313,trades
1780596000000,63460.0,64032.4,63052.0,63746.1,155.74423011000178,trades
1780599600000,63742.4,64072.0,63455.1,63547.7,221.0909059300041,trades
1780603200000,63538.5,63596.9,63118.5,63575.7,78.44743428000041,trades
1780606800000,63570.3,63797.5,63057.2,63233.0,202.03999712000183,trades
1780610400000,63233.0,63695.5,63150.3,63677.4,75.2890011000005,trades
1780614000000,63674.1,63850.0,63317.7,63814.0,60.99275000999994,trades
1780617600000,63811.1,63905.3,63339.4,63366.7,108.73751286999916,trades
1780621200000,63366.7,63475.4,62962.6,63305.4,117.39554301999932,trades
1780624800000,63296.2,63374.5,62530.0,62544.2,239.4348582700066,trades
1780628400000,62549.7,62814.0,62283.4,62648.3,245.0397374500063,trades
1780632000000,62665.3,63568.7,62443.6,63521.2,123.96784996999894,trades
1780635600000,63529.6,63614.6,62220.0,62272.7,124.26714978999948,trades
1780639200000,62271.1,62560.4,61100.0,61894.4,492.16819010999865,trades
1780642800000,61891.0,63043.1,61319.7,63043.1,184.5058048100017,trades
1780646400000,63049.8,63049.8,62246.1,62397.3,213.6034897600068,trades
1780650000000,62407.5,63194.8,62398.1,62813.4,142.9457146000012,trades
1780653600000,62813.4,62887.9,62330.1,62496.6,89.20252344999989,trades
1780657200000,62496.6,62577.0,61920.0,61920.0,96.0569011900008,trades
1780660800000,61918.4,62388.1,61561.8,61918.3,308.4874211400017,trades
1780664400000,61918.4,62268.4,60700.0,60700.1,745.7603089099849,trades
1780668000000,60700.1,61179.7,60331.0,60838.6,1131.8798794199731,trades
1780671600000,60844.8,61074.1,60000.0,60400.1,981.008879139997,trades
1780675200000,60400.1,61517.2,59764.0,61368.8,665.9897386899668,trades
1780678800000,61368.7,61459.3,60612.4,60746.9,222.3992810200049,trades
1780682400000,60747.0,60910.0,59107.5,59344.3,633.9400437099852,trades
1780686000000,59356.4,60426.0,59070.6,60287.6,554.4451576199905,trades
1780689600000,60260.4,61741.1,59922.8,61608.7,605.884799669992,trades
1780693200000,61604.4,61957.6,61424.6,61662.2,353.32337151000206,trades
1780696800000,61657.1,61940.6,61117.8,61566.8,222.87320027000223,trades
1780700400000,61573.4,61738.5,60508.1,61037.9,149.9258359500014,trades
1780704000000,61038.3,61496.2,61038.2,61248.4,95.68449582999948,trades
1780707600000,61248.4,61355.0,60929.6,61030.0,124.4860058599994,trades
1780711200000,61031.1,61150.0,60654.6,60942.1,38.37436572999985,trades
1780714800000,60927.1,60927.4,60522.7,60671.7,94.05550947000025,trades
1780718400000,60671.7,60851.0,59493.5,60080.3,279.7575640200041,trades
1780722000000,60080.3,61010.4,59614.4,60911.8,158.05357622000244,trades
1780725600000,60911.8,61226.4,60671.9,60743.1,73.01129109000009,trades
1780729200000,60743.1,61199.0,60709.3,60974.0,155.83638675000162,trades
1780732800000,60974.2,61462.5,60853.3,61223.5,32.72366151999974,trades
1780736400000,61237.2,61299.0,60872.9,60944.8,47.7530285600001,trades
1780740000000,60951.3,60951.3,60196.7,60579.8,101.02646343000048,trades
1780743600000,60579.7,60923.3,60518.0,60761.9,37.54852715999989,trades
1780747200000,60761.9,61154.1,60624.4,60988.9,39.56552308999986,trades
1780750800000,60995.3,61075.2,60682.6,60775.9,24.79271829999975,trades
1780754400000,60784.0,60985.7,60747.8,60769.1,47.40279402000003,trades
1780758000000,60768.3,60879.5,60384.9,60746.3,78.9207676400001,trades
1780761600000,60746.3,60920.6,60466.8,60758.3,32.72712273999974,trades
1780765200000,60759.5,60814.5,60495.0,60558.3,38.75099900000002,trades
1780768800000,60558.3,60716.8,60377.5,60606.1,28.64973629999976,trades
1780772400000,60609.3,60748.1,60485.1,60575.3,168.11726601000132,trades
1780776000000,60574.1,60719.7,60500.0,60682.6,56.5660174799999,trades
1780779600000,60681.1,60959.9,60680.7,60725.2,32.65814039999978,trades
1780783200000,60725.2,60786.6,60413.1,60529.6,35.935757929999866,trades
1780786800000,60525.1,60894.1,60515.4,60855.7,20.522287229999904,trades
1780790400000,60858.0,60937.9,60714.4,60757.4,17.691852349999785,trades
1780794000000,60757.4,61603.5,60734.9,61455.8,174.92821022999948,trades
1780797600000,61455.8,61538.7,61172.4,61488.3,43.34865473999983,trades
1780801200000,61488.3,61725.4,61396.5,61678.4,79.07138710999986,trades
1780804800000,61678.4,61868.3,61469.1,61863.1,39.06777010999987,trades
1780808400000,61863.1,62301.1,61629.7,61734.8,147.01162675000108,trades
1780812000000,61731.5,62248.7,61607.0,62082.8,89.6401875499997,trades
1780815600000,62079.6,62395.6,61991.4,62381.1,90.83114756999996,trades
1780819200000,62384.0,62914.4,62246.4,62829.5,144.52391443000124,trades
1780822800000,62829.5,62875.3,62388.1,62510.3,60.7959229600002,trades
1780826400000,62514.9,62545.0,62298.4,62361.8,56.12444547000027,trades
1780830000000,62359.0,62725.9,62345.3,62615.0,59.80202962999999,trades
1780833600000,62615.1,62621.0,61576.0,61870.6,198.53707226000367,trades
1780837200000,61887.0,61887.0,61634.3,61700.1,37.17203540000013,trades
1780840800000,61700.1,62278.5,61686.2,61891.1,113.25381630999978,trades
1780844400000,61883.6,62178.9,61666.2,62067.1,126.51752809000016,trades
1780848000000,62067.2,62287.1,61926.9,62050.2,70.51201980000003,trades
1780851600000,62060.9,62292.2,62027.1,62134.1,39.122784169999925,trades
1780855200000,62135.9,62274.3,62000.0,62008.1,77.89255995000059,trades
1780858800000,62009.0,62009.0,61135.7,61305.5,215.6919343500008,trades
1780862400000,61305.5,61925.7,61200.2,61867.4,62.66788163000008,trades
1780866000000,61845.7,61966.5,61621.4,61746.6,33.57606199999989,trades
1780869600000,61749.5,64613.0,61698.2,62845.3,706.1183320699832,trades
1780873200000,62839.7,63400.0,62786.3,63307.6,99.33644874999987,trades
1780876800000,63305.6,63821.5,63133.6,63615.3,115.62042415999986,trades
1780880400000,63615.3,63615.3,62687.0,63166.3,70.5786711400002,trades
1780884000000,63179.5,63229.6,62900.0,63104.5,27.49933530999989,trades
1780887600000,63104.6,63429.8,62961.0,63078.2,13.26476541999978,trades
1780891200000,63078.2,63144.7,62635.7,62674.9,34.06019283999965,trades
1780894800000,62662.3,62788.0,62388.2,62712.6,28.170275889999683,trades
1780898400000,62715.3,63100.7,62701.4,62961.7,25.764548599999817,trades
1780902000000,62961.7,63304.6,62787.6,63230.4,33.769673659999896,trades
1780905600000,63230.5,63230.5,62946.6,63094.7,168.46583633000174,trades
1780909200000,63095.2,63546.2,63079.9,63451.5,33.169692869999814,trades
1780912800000,63451.6,63483.1,63065.1,63099.9,47.66654778999997,trades
1780916400000,63100.0,63811.3,63020.1,63438.0,83.24701708000028,trades
1780920000000,63444.8,63880.0,62690.5,63788.3,115.06661985000058,trades
1780923600000,63793.7,63899.9,63329.4,63711.8,120.08630034999992,trades
1780927200000,63719.7,64057.0,63545.5,63926.5,153.47540562000196,trades
1780930800000,63947.1,64189.0,63689.1,63745.4,258.74400327000365,trades
1780934400000,63751.7,64025.3,63442.6,63504.1,63.50235850000009,trades
1780938000000,63500.2,63612.1,63261.0,63517.6,49.17113152999998,trades
1780941600000,63517.6,63666.1,63317.4,63445.7,106.18921896000003,trades
1780945200000,63445.9,63561.6,63344.8,63344.8,47.62543037999991,trades
1780948800000,63351.1,63468.1,63154.6,63467.0,74.26344652000009,trades
1780952400000,63469.7,63826.8,63459.5,63718.8,47.04623454000004,trades
1780956000000,63718.9,63718.9,63201.9,63433.7,26.717443539999728,trades
1780959600000,63428.5,63577.8,62974.9,63076.4,96.12122062999994,trades
1780963200000,63068.5,63148.6,62383.9,62546.4,118.16874718999922,trades
1780966800000,62542.8,62863.8,62528.1,62760.2,187.07712686000312,trades
1780970400000,62755.9,62852.3,62530.7,62843.6,29.521901139999777,trades
1780974000000,62843.6,62944.6,62684.9,62851.4,19.397868599999885,trades
1780977600000,62851.4,63384.2,62717.5,63203.8,54.48537389999981,trades
1780981200000,63203.6,63467.9,63099.5,63317.5,20.331434359999903,trades
1780984800000,63317.6,63453.1,63190.1,63257.7,24.01175310999989,trades
1780988400000,63257.7,63405.5,62969.5,63158.5,47.92069963000007,trades
1780992000000,63158.5,63167.5,62737.1,62817.5,40.76595915999988,trades
1780995600000,62817.5,62911.0,62575.6,62677.5,25.15225104999991,trades
1780999200000,62681.2,62784.7,62581.2,62762.2,35.70500170999989,trades
1781002800000,62762.2,62775.6,62464.8,62680.2,75.5139257199999,trades
1781006400000,62674.9,62870.4,62410.6,62619.4,57.00533881000012,trades
1781010000000,62608.9,62692.6,62132.1,62240.1,245.5441016400044,trades
1781013600000,62239.7,62361.9,61120.0,61493.8,651.2763923199918,trades
1781017200000,61494.5,61655.2,61000.0,61087.9,382.0620362999982,trades
1781020800000,61087.9,61421.9,60740.9,61346.5,509.9366658899951,trades
1781024400000,61355.5,61830.7,61344.7,61643.5,169.20228047000268,trades
1781028000000,61651.2,61916.6,61554.2,61742.3,99.27712930000035,trades
1781031600000,61738.3,62050.0,61674.1,62050.0,138.40807379000034,trades
1781035200000,62050.0,62208.7,61912.4,62118.5,116.09686655000004,trades
1781038800000,62118.1,62146.1,61646.5,61718.8,118.97642244000062,trades
1781042400000,61715.2,61919.5,61623.3,61681.6,81.39060132000046,trades
1781046000000,61681.7,61827.8,61529.9,61690.4,50.349656140000015,trades
1781049600000,61688.1,61873.7,61420.0,61873.6,83.62342245000006,trades
1781053200000,61873.7,61918.3,61562.7,61670.6,27.205601009999665,trades
1781056800000,61670.6,61797.2,61204.7,61265.9,156.0904503499998,trades
1781060400000,61266.0,61542.9,61248.3,61500.0,60.17830209000002,trades
1781064000000,61500.0,61500.0,61165.1,61256.5,34.590794699999954,trades
1781067600000,61256.5,61354.2,61037.7,61300.2,44.85476451000001,trades
1781071200000,61312.4,61466.7,61113.5,61426.7,82.93663436999987,trades
1781074800000,61428.9,61759.9,61407.7,61640.0,75.54303451000017,trades
1781078400000,61640.0,61676.0,61128.5,61214.6,49.16650109000018,trades
1781082000000,61204.5,61363.6,60746.8,61280.8,142.36578387000287,trades
1781085600000,61280.7,61393.0,61120.7,61344.3,63.3256682200001,trades
1781089200000,61344.3,61401.7,60836.0,60981.8,65.47893854000023,trades
1781092800000,60990.8,61871.7,60909.1,61540.2,219.49822961000308,trades
1781096400000,61526.2,62395.6,61390.9,62077.0,387.5040786299896,trades
1781100000000,62094.0,62197.7,61769.0,62131.3,90.6311854800002,trades
1781103600000,62141.6,62800.0,61813.0,62589.2,253.02162162000147,trades
1781107200000,62589.2,62600.2,61879.1,62162.1,229.982500500002,trades
1781110800000,62162.2,62305.1,61597.9,61903.5,220.2059873100061,trades
1781114400000,61920.1,62095.1,61555.0,61855.4,152.14100376000013,trades
1781118000000,61809.7,62013.4,61613.4,61894.8,76.2707328599997,trades
1781121600000,61881.0,61884.9,61636.6,61724.9,63.68022298999988,trades
1781125200000,61725.0,61725.0,61131.3,61291.3,183.9974908400016,trades
1781128800000,61291.4,61525.3,61042.6,61328.4,65.01488297000023,trades
1781132400000,61326.7,61550.4,61121.0,61464.4,40.177645519999935,trades
1781136000000,61459.1,61922.2,61459.0,61758.4,40.95002495999991,trades
1781139600000,61758.4,62307.6,61758.3,62153.6,49.37542344999986,trades
1781143200000,62153.6,62234.8,61888.0,62074.3,64.37909090999987,trades
1781146800000,62073.7,62719.2,61955.0,62610.9,101.49486460999968,trades
1781150400000,62601.3,62797.7,62471.2,62643.9,180.16771042,trades
1781154000000,62643.9,62651.2,62497.5,62534.0,30.45846488999992,trades
1781157600000,62534.1,62918.5,62473.3,62702.0,39.00527535999989,trades
1781161200000,62702.0,62765.3,62538.6,62646.0,32.345525329999745,trades
1781164800000,62639.6,62958.0,62639.5,62866.1,30.08675319999988,trades
1781168400000,62866.2,62906.9,62699.3,62860.0,69.04577032000002,trades
1781172000000,62842.4,63122.1,62734.9,63088.7,101.2661653900002,trades
1781175600000,63088.7,63205.4,62988.3,63047.7,29.14648222999981,trades
1781179200000,63047.7,63121.8,62459.4,62948.0,84.9251470499995,trades
1781182800000,62948.0,63171.5,62619.0,63006.9,73.90681413000001,trades
1781186400000,63006.9,63017.1,62665.7,62668.9,67.10380985000006,trades
1781190000000,62669.0,62802.8,62453.5,62669.6,65.39911850000026,trades
1781193600000,62670.5,62758.3,62495.7,62515.8,45.07572621999986,trades
1781197200000,62515.9,63557.2,62268.5,63555.1,210.5333002400026,trades
1781200800000,63558.0,63695.0,63262.6,63387.0,145.96578073000117,trades
1781204400000,63389.0,63845.9,63323.5,63557.2,140.98352672000053,trades
1781208000000,63553.9,63580.0,63217.1,63334.3,36.19577240999997,trades
1781211600000,63334.4,63525.2,63334.3,63445.1,58.99032619000016,trades
1781215200000,63445.2,63600.2,63407.3,63450.0,26.202597400000016,trades
1781218800000,63443.1,63625.2,63300.2,63552.3,80.34068041000033,trades
1781222400000,63553.7,63712.1,63468.8,63574.1,70.5686385100003,trades
1781226000000,63574.1,63574.1,63242.7,63337.5,47.59163058999999,trades
1781229600000,63337.5,63681.5,63337.5,63540.0,48.64887260999976,trades
1781233200000,63540.0,63568.6,63285.5,63430.6,22.244022669999925,trades
1781236800000,63430.6,63775.1,63354.4,63618.9,29.63377282999988,trades
1781240400000,63619.0,63640.1,63239.8,63266.4,23.476842249999905,trades
1781244000000,63271.0,63329.1,62765.3,62913.2,56.01321965999988,trades
1781247600000,62900.2,63147.2,62879.7,63013.3,25.32592004999995,trades
1781251200000,63013.3,63527.6,63013.2,63400.8,51.17945460000003,trades
1781254800000,63400.8,63865.1,63359.6,63679.0,33.78310178999988,trades
1781258400000,63679.0,63770.7,63530.0,63640.1,37.36192162999984,trades
1781262000000,63640.2,63802.8,63624.0,63705.0,25.12597296999982,trades
1781265600000,63705.0,63705.0,63323.4,63406.6,54.9587671599999,trades
1781269200000,63406.7,63451.1,62997.5,63141.8,63.804605609999975,trades
1781272800000,63141.8,63934.9,63114.6,63934.9,78.7928402500003,trades
1781276400000,63934.9,64333.0,63508.2,63551.7,300.5723863500008,trades
1781280000000,63554.2,63951.5,63493.5,63943.4,144.51102398000134,trades
1781283600000,63941.7,64069.8,63706.0,63816.9,47.31350766000014,trades
1781287200000,63816.9,63890.1,63641.3,63651.4,56.59558452000005,trades
1781290800000,63652.7,63783.3,63567.0,63567.1,31.84155422999984,trades
1781294400000,63567.1,63664.2,63372.2,63423.1,124.5722873700002,trades
1781298000000,63423.0,63596.1,63390.7,63438.5,112.54866614000014,trades
1781301600000,63438.2,63614.7,63433.5,63462.1,49.14552297999998,trades
1781305200000,63462.1,63543.6,63385.4,63543.2,42.67548842000007,trades
1781308800000,63543.3,63597.4,63488.0,63573.8,14.19288428999992,trades
1781312400000,63573.8,63793.2,63573.7,63783.1,16.75257303999995,trades
1781316000000,63783.0,63793.2,63525.7,63624.4,15.62609628999994,trades
1781319600000,63622.0,63672.6,63418.5,63494.3,11.368113749999964,trades
1781323200000,63494.3,63604.5,63450.1,63487.0,9.415180169999992,trades
1781326800000,63487.1,63551.6,63474.3,63527.8,19.29927088999996,trades
1781330400000,63534.7,63687.4,63527.8,63687.4,6.734779539999992,trades
1781334000000,63687.4,63826.8,63642.7,63783.9,16.230216219999956,trades
1781337600000,63795.2,63865.1,63736.1,63774.0,12.402314479999966,trades
1781341200000,63774.0,63817.3,63712.8,63712.8,5.744514399999999,trades
1781344800000,63712.9,63865.2,63703.3,63791.0,9.449894499999992,trades
1781348400000,63791.1,63922.3,63791.0,63920.7,12.008117299999974,trades
1781352000000,63920.7,64164.7,63877.4,64100.0,23.91759312999993,trades
1781355600000,64100.1,64211.3,64019.2,64068.9,38.81114347999998,trades
1781359200000,64069.0,64192.8,64046.4,64188.1,68.54048457999994,trades
1781362800000,64188.1,64294.0,64139.3,64253.4,58.537225090000014,trades
1781366400000,64258.3,64263.4,63893.2,63988.5,109.08932758000005,trades
1781370000000,63988.5,64087.9,63915.0,63944.3,41.79059037999991,trades
1781373600000,63944.4,64247.8,63944.3,64129.6,34.31891367999995,trades
1781377200000,64129.6,64294.0,64120.4,64281.7,84.15493796000051,trades
1781380800000,64281.8,64281.8,64206.4,64253.2,29.971793910000024,trades
1781384400000,64257.2,64750.0,64200.7,64442.9,79.35097445000007,trades
1781388000000,64442.9,64531.8,64360.3,64437.2,25.49983395999993,trades
1781391600000,64437.2,64562.6,64366.2,64404.0,40.26862621999995,trades
1781395200000,64415.6,64544.7,64367.1,64535.2,69.13047405000005,trades
1781398800000,64534.6,64670.1,64500.0,64560.9,19.582174089999945,trades
1781402400000,64559.5,64606.8,64452.1,64473.9,9.97434663999996,trades
1781406000000,64474.0,64512.8,64442.7,64512.8,12.982608219999983,trades
1781409600000,64512.8,64519.1,64320.1,64320.2,21.40903254999996,trades
1781413200000,64320.2,64382.3,64280.3,64331.7,16.595064249999993,trades
1781416800000,64331.7,64445.1,64234.0,64257.5,30.10783458000011,trades
1781420400000,64257.5,64411.8,64205.2,64409.8,14.265603120000003,trades
1781424000000,64409.8,64470.1,64365.9,64430.3,12.011608009999945,trades
1781427600000,64430.4,64570.1,64300.0,64570.0,16.214866959999934,trades
1781431200000,64570.1,64620.0,64470.2,64500.1,9.164784229999986,trades
1781434800000,64500.1,64600.4,64420.1,64521.5,15.837113149999997,trades
1781438400000,64521.5,64528.8,64270.1,64282.9,18.42501299999992,trades
1781442000000,64283.0,64358.8,64218.6,64272.8,39.81550667000001,trades
1781445600000,64272.8,64302.7,63850.7,63941.5,96.63994231000008,trades
1781449200000,63942.3,64106.8,63942.2,63982.4,44.37702392000008,trades
1781452800000,63983.9,64170.7,63900.0,63915.4,53.2401224399999,trades
1781456400000,63915.4,63988.2,63665.0,63702.2,46.8814297399999,trades
1781460000000,63702.3,63782.2,63643.3,63777.3,42.56959456999987,trades
1781463600000,63777.3,63816.8,63712.0,63750.0,62.13388199000004,trades
1781467200000,63750.0,64077.7,63749.9,63975.3,31.30651981999992,trades
1781470800000,63975.3,65632.9,63975.3,65273.3,413.2758950699986,trades
1781474400000,65273.4,65483.1,64923.7,65380.6,192.4004814000023,trades
1781478000000,65380.5,65750.0,65221.9,65715.1,159.9168545100015,trades
1781481600000,65715.1,65847.0,65467.8,65580.2,96.28697579000034,trades
1781485200000,65580.2,65696.5,65321.7,65461.9,38.41229485000012,trades
1781488800000,65461.9,65715.3,65402.0,65420.2,35.13931628000001,trades
1781492400000,65420.2,65943.0,65410.2,65890.0,127.57511566,trades
1781496000000,65890.1,65890.1,65610.6,65610.7,103.72409041000014,trades
1781499600000,65610.7,65820.1,65600.0,65820.1,28.865901599999905,trades
1781503200000,65820.1,65924.3,65738.6,65778.1,42.847566639999854,trades
1781506800000,65778.1,65950.0,65602.1,65622.4,64.01804070999997,trades
1781510400000,65622.3,65738.6,65570.8,65625.2,89.15687747000005,trades
1781514000000,65623.8,65738.5,65463.6,65550.7,13.742534859999934,trades
1781517600000,65550.8,65904.8,65539.4,65870.8,91.50939871000008,trades
1781521200000,65874.1,66330.4,65818.9,66197.5,212.2544011900032,trades
1781524800000,66197.5,66578.1,66071.5,66535.5,150.04685039999987,trades
1781528400000,66535.6,66900.0,66366.4,66412.4,362.48385049999206,trades
1781532000000,66405.5,66627.1,66249.6,66551.2,138.14427316000058,trades
1781535600000,66551.5,67244.4,66534.9,67243.2,210.0948919200028,trades
1781539200000,67243.1,67263.5,67060.1,67145.1,137.77344420000142,trades
1781542800000,67145.1,67145.1,66660.5,66816.4,115.68663655000007,trades
1781546400000,66821.7,66894.4,66700.0,66738.8,60.74666029999998,trades
1781550000000,66738.7,66866.7,66338.6,66555.0,76.39116456000004,trades
1781553600000,66562.9,66649.3,66464.2,66477.2,151.61244326000158,trades
1781557200000,66490.5,66534.6,66300.1,66331.7,115.1831389800004,trades
1781560800000,66331.7,66431.7,66066.1,66165.0,83.2345661300002,trades
1781564400000,66165.0,66318.1,66092.7,66284.3,28.68683601999985,trades
1781568000000,66284.3,66422.4,66204.2,66215.2,98.31709368999992,trades
1781571600000,66213.4,66381.5,66209.2,66305.4,49.570768810000224,trades
1781575200000,66305.4,66332.2,65644.4,65702.5,92.71240229999982,trades
1781578800000,65702.5,66110.0,65628.5,66109.9,60.08107127999995,trades
1781582400000,66110.0,66239.6,65778.5,65818.6,36.83338693999988,trades
1781586000000,65818.6,66096.3,65818.5,66034.1,45.3856862399999,trades
1781589600000,66034.1,66508.6,66034.0,66410.5,78.16833158999981,trades
1781593200000,66410.5,66491.0,66281.8,66336.4,67.88237793999998,trades
1781596800000,66336.5,66922.4,66321.4,66844.8,67.71467027000001,trades
1781600400000,66844.8,66860.2,66440.3,66470.3,37.60150550999985,trades
1781604000000,66470.3,66716.8,66450.0,66473.5,30.382751309999897,trades
1781607600000,66473.5,66584.9,66334.5,66434.4,25.884198709999986,trades
1781611200000,66434.4,66748.4,66313.8,66379.3,57.02168472000025,trades
1781614800000,66379.3,66413.4,65876.5,66000.0,95.95099626000015,trades
1781618400000,66000.1,66207.2,65289.8,65591.7,468.6555683499934,trades
1781622000000,65591.8,65952.2,65573.0,65816.4,89.01877263000024,trades
1781625600000,65816.4,65898.7,65642.1,65700.7,80.11126248999976,trades
1781629200000,65703.1,65952.3,65654.2,65920.5,40.24960210999987,trades
1781632800000,65920.5,66753.2,65749.5,65771.8,194.36545682000417,trades
1781636400000,65771.9,65771.9,65500.1,65603.8,68.08191812000008,trades
1781640000000,65613.0,65811.7,65526.1,65790.9,34.062487489999974,trades
1781643600000,65790.9,65859.9,65589.9,65715.8,36.35559423999993,trades
1781647200000,65715.9,65823.1,65621.2,65714.7,43.63833366999993,trades
1781650800000,65714.7,65766.9,65575.4,65609.5,14.677470909999943,trades
1781654400000,65609.6,65788.6,65609.5,65655.5,29.92872889999984,trades
1781658000000,65655.5,65896.9,65433.3,65885.6,40.372078300000005,trades
1781661600000,65885.6,66080.2,65738.7,65846.3,36.60678697000004,trades
1781665200000,65846.3,65846.3,65668.0,65781.5,13.107953869999962,trades
1781668800000,65781.5,65980.1,65746.8,65838.6,14.259108229999944,trades
1781672400000,65838.7,65920.2,65691.9,65782.1,9.946110369999955,trades
1781676000000,65777.2,65829.4,65511.4,65555.2,14.385823859999949,trades
1781679600000,65558.3,65632.2,65150.0,65472.2,69.58795016999987,trades
1781683200000,65472.2,65497.3,64791.4,64871.6,151.48495129000065,trades
1781686800000,64871.6,65000.0,64781.3,64844.8,53.24747379999997,trades
1781690400000,64844.8,64924.1,64721.5,64736.4,31.72028923999992,trades
1781694000000,64736.4,64818.2,64507.6,64752.0,108.8795076199992,trades
1781697600000,64752.5,65038.6,64552.0,64995.8,146.44434777000112,trades
1781701200000,64995.8,65306.5,64787.0,65232.1,121.44978158999967,trades
1781704800000,65232.2,65388.6,64733.4,65064.8,95.93444388000027,trades
1781708400000,65056.9,65800.0,64938.7,65703.5,88.86489846999993,trades
1781712000000,65703.5,66370.9,65664.7,65814.2,152.0346481300003,trades
1781715600000,65814.3,66134.6,65747.5,66039.8,159.26300771000135,trades
1781719200000,66051.9,66053.7,64787.0,65480.7,481.2839763299848,trades
1781722800000,65468.6,65621.5,64001.0,64250.0,346.2382393699992,trades
1781726400000,64250.0,64434.1,64141.2,64381.2,119.88147159000025,trades
1781730000000,64381.4,64401.8,64088.5,64193.5,66.49911188000009,trades
1781733600000,64193.5,64365.2,63866.5,64243.4,75.49945353000027,trades
1781737200000,64243.4,64477.5,64198.6,64454.8,59.250946700000114,trades
1781740800000,64452.0,64636.1,64405.5,64412.7,42.08368753000019,trades
1781744400000,64412.7,64740.9,64412.6,64496.8,78.83230506999969,trades
1781748000000,64496.7,64707.0,64434.6,64634.6,40.56919930999993,trades
1781751600000,64631.4,64631.4,64198.5,64203.8,43.38787375999995,trades
1781755200000,64203.9,64266.0,63762.3,63832.7,69.77583699999971,trades
1781758800000,63815.7,63940.9,63643.4,63923.8,46.662071709999815,trades
1781762400000,63923.8,64049.3,63778.7,64019.6,28.51015071999997,trades
1781766000000,64019.7,64434.8,63957.2,64434.8,28.41924022000005,trades
1781769600000,64434.8,64563.9,64318.1,64326.4,46.75914333000003,trades
1781773200000,64326.4,64423.9,64157.0,64157.0,25.589274669999924,trades
1781776800000,64157.1,64159.8,63872.8,64025.1,54.00995310000017,trades
1781780400000,64018.9,64140.9,63819.3,63910.1,36.446339989999984,trades
1781784000000,63910.1,64318.9,63870.6,64307.1,47.25799610999992,trades
1781787600000,64308.0,64365.2,63732.5,63906.5,107.09851879000018,trades
1781791200000,63907.6,64115.7,63500.2,63753.3,128.39478564000024,trades
1781794800000,63741.2,63741.2,62228.8,62297.9,453.1275986499913,trades
1781798400000,62296.5,62725.7,62274.8,62610.5,163.5244811300024,trades
1781802000000,62616.8,62676.5,62187.0,62534.0,217.87908860000223,trades
1781805600000,62534.0,62882.5,62506.4,62627.7,128.6395043200003,trades
1781809200000,62626.8,62931.7,62554.0,62866.4,74.72535019999987,trades
1781812800000,62876.0,63190.9,62876.0,63016.3,87.80714913000018,trades
1781816400000,63016.0,63055.2,62798.6,62904.7,55.35005897000024,trades
1781820000000,62904.7,62917.7,62688.3,62813.7,81.07821135000012,trades
1781823600000,62813.7,62917.7,62694.6,62885.6,67.8026357000001,trades
1781827200000,62885.7,63016.6,62785.0,62946.9,33.08844824999997,trades
1781830800000,62946.9,63033.4,62796.0,62952.3,22.408644779999868,trades
1781834400000,62956.5,63040.5,62840.9,62944.2,25.978000999999946,trades
1781838000000,62944.2,62963.4,62335.7,62695.3,187.4206257400012,trades
1781841600000,62695.3,62840.9,62349.9,62387.0,89.47775838000004,trades
1781845200000,62386.6,62674.2,62386.5,62667.0,13.941287349999916,trades
1781848800000,62667.0,62846.5,62666.9,62830.7,24.884992579999885,trades
1781852400000,62830.8,62846.5,62448.0,62555.2,13.739931009999948,trades
1781856000000,62555.2,62699.9,62500.1,62528.4,17.211590809999915,trades
1781859600000,62534.2,62591.4,62268.5,62333.8,35.61501845999986,trades
1781863200000,62333.8,62530.6,62322.0,62471.5,23.919149919999853,trades
1781866800000,62471.5,62626.9,62401.3,62574.0,151.11830580000162,trades
1781870400000,62574.0,62790.9,62236.1,62771.2,256.0814774000015,trades
1781874000000,62771.2,63344.5,62618.5,63148.2,155.8799799000003,trades
1781877600000,63152.9,63345.6,62958.1,63150.0,103.97375179999992,trades
1781881200000,63150.1,63220.3,62970.0,63151.9,125.1716426300005,trades
1781884800000,63155.0,63327.5,62884.2,62915.4,69.40751751999998,trades
1781888400000,62915.4,63166.1,62823.4,63155.0,60.97529604000001,trades
1781892000000,63155.1,63155.1,62940.9,63061.6,44.15099410999988,trades
1781895600000,63061.6,63065.8,62890.9,62973.4,23.20998912999988,trades
1781899200000,62973.3,63201.9,62902.2,63185.1,31.88465770999992,trades
1781902800000,63186.4,63201.9,62995.7,63013.3,13.628538539999896,trades
1781906400000,63013.4,63300.5,62991.9,63250.0,52.703944919999984,trades
1781910000000,63250.0,63590.9,63219.8,63486.4,73.4929546200002,trades
1781913600000,63486.3,63719.6,63412.0,63474.4,102.16922218999996,trades
1781917200000,63474.4,63560.0,63346.8,63512.2,22.64627705999989,trades
1781920800000,63512.1,63512.1,63290.9,63291.0,33.30800852000005,trades
1781924400000,63291.0,63453.7,63280.0,63410.9,9.409207389999972,trades
1781928000000,63410.9,63540.9,63356.2,63510.4,18.29705423999989,trades
1781931600000,63512.8,63824.3,63482.4,63622.6,89.18634703999999,trades
1781935200000,63622.6,63690.0,63587.0,63668.6,4.6019930100000055,trades
1781938800000,63668.7,63729.1,63541.0,63599.4,6.434717539999997,trades
1781942400000,63599.4,63599.4,63340.9,63360.6,10.838395789999987,trades
1781946000000,63360.7,63715.8,63360.1,63673.0,20.196653459999904,trades
1781949600000,63673.4,63708.7,63540.9,63603.1,9.928487519999948,trades
1781953200000,63603.1,63727.3,63555.3,63629.6,10.321605089999975,trades
1781956800000,63629.7,63720.4,63500.0,63593.7,40.37037216999995,trades
1781960400000,63593.7,63593.7,63226.9,63348.1,40.60776146000004,trades
1781964000000,63345.1,64141.1,63141.3,63892.7,149.07160913000143,trades
1781967600000,63892.7,64336.4,63790.9,64074.1,98.03072096000018,trades
1781971200000,64075.0,64103.3,63849.8,63951.9,24.328662489999907,trades
1781974800000,63960.6,63960.6,63690.9,63781.4,29.909566449999968,trades
1781978400000,63771.6,63840.9,63714.5,63725.6,14.163942999999971,trades
1781982000000,63725.6,63888.0,63725.5,63867.6,14.510704569999948,trades
1781985600000,63867.4,63888.0,63799.9,63839.6,12.447102299999994,trades
1781989200000,63839.7,64026.0,63839.6,63935.5,14.936404669999936,trades
1781992800000,63935.5,64264.9,63914.7,64205.2,36.01803039999994,trades
1781996400000,64205.2,64255.2,64177.5,64250.1,36.41597288999999,trades
1782000000000,64250.1,64250.1,64161.5,64216.9,43.63611023000003,trades
1782003600000,64216.9,64240.0,64132.1,64188.3,6.214575100000005,trades
1782007200000,64187.2,64193.5,64139.8,64185.9,4.801436639999999,trades
1782010800000,64185.9,64400.0,64162.7,64356.7,27.25276542,trades
1782014400000,64356.7,64493.6,64198.0,64199.9,22.97697322000002,trades
1782018000000,64200.0,64280.5,64156.4,64172.7,10.781220019999973,trades
1782021600000,64172.7,64240.9,64118.3,64214.9,7.895054610000014,trades
1782025200000,64214.9,64214.9,64103.1,64120.3,11.600837959999966,trades
1782028800000,64120.3,64136.9,63840.9,63924.5,78.03579409000004,trades
1782032400000,63924.5,64140.9,63886.3,64136.6,18.58571096999989,trades
1782036000000,64131.1,64329.0,64130.0,64280.6,26.854911499999908,trades
1782039600000,64280.7,64376.0,64047.9,64070.3,30.71974355999992,trades
1782043200000,64086.5,64157.7,63900.0,64117.5,11.381163649999928,trades
1782046800000,64117.4,64117.4,63954.7,64063.2,13.267533379999886,trades
1782050400000,64063.2,64064.9,63940.9,64050.7,17.905529069999965,trades
1782054000000,64050.7,64261.2,64030.0,64150.1,28.98107770999991,trades
1782057600000,64150.0,64172.3,63969.2,64059.0,10.432595720000007,trades
1782061200000,64059.0,64140.7,63952.2,64061.2,164.68330791,trades
1782064800000,64059.4,64140.9,63880.5,64114.3,61.30774184999995,trades
1782068400000,64114.9,64207.7,64100.0,64136.6,36.967328539999976,trades
1782072000000,64136.6,64187.4,63617.1,63758.1,46.46307659999991,trades
1782075600000,63758.1,63872.8,63440.9,63729.4,55.098396010000165,trades
1782079200000,63729.7,63868.1,63506.6,63725.1,183.2717270099999,trades
1782082800000,63725.1,63725.1,63214.0,63234.0,170.4744625700007,trades
1782086400000,63234.0,64000.0,63234.0,63822.6,40.422043079999874,trades
1782090000000,63822.6,64704.1,63785.3,64540.0,336.08524348999566,trades
1782093600000,64535.1,64574.7,64173.4,64173.4,44.93242474000002,trades
1782097200000,64182.1,64357.4,63840.9,63895.2,41.35400980999981,trades
1782100800000,63895.2,64022.0,63796.2,64022.0,13.058456419999896,trades
1782104400000,64022.0,64240.9,64009.4,64158.4,40.26314232999984,trades
1782108000000,64158.4,64238.2,63890.9,63922.6,11.501329879999965,trades
1782111600000,63922.7,64290.9,63891.0,64120.0,19.86329084999993,trades
1782115200000,64120.0,64268.7,63981.9,64089.8,13.66132842999989,trades
1782118800000,64089.8,64184.2,63990.9,64064.1,27.82945578999992,trades
1782122400000,64066.1,64191.4,64025.4,64049.9,20.90471573,trades
1782126000000,64050.0,64698.2,64034.8,64590.8,118.12643245000028,trades
1782129600000,64590.9,65294.9,64527.5,65100.1,344.1100678899988,trades
1782133200000,65100.1,65517.5,64872.6,65502.0,136.10552505000047,trades
1782136800000,65503.6,65542.1,64776.0,64909.5,110.0823219900005,trades
1782140400000,64909.5,65062.6,64695.3,64762.4,102.30369813000053,trades
1782144000000,64768.0,64784.4,64441.8,64658.6,118.50954585000066,trades
1782147600000,64658.6,64714.9,64326.6,64539.9,110.2066506900006,trades
1782151200000,64542.5,64646.6,64255.0,64266.5,90.50020428999991,trades
1782154800000,64266.5,64433.1,64215.0,64426.9,112.7694434899999,trades
1782158400000,64415.5,64590.9,64291.0,64364.9,68.78053811999985,trades
1782162000000,64360.1,64410.2,64085.9,64240.9,34.11083992999992,trades
1782165600000,64240.8,64318.3,63742.6,63891.8,82.56265511000011,trades
1782169200000,63897.4,63987.4,63826.9,63953.6,61.52795597000009,trades
1782172800000,63953.6,64075.4,63756.3,64075.3,81.42490909,trades
1782176400000,64075.3,64200.0,63842.8,64090.8,24.45122931999986,trades
1782180000000,64090.9,64187.8,63978.1,64130.2,20.69642360999994,trades
1782183600000,64130.2,64130.2,63890.9,63989.0,25.487523389999964,trades
1782187200000,63989.0,64018.7,63544.3,63556.0,27.0205397299999,trades
1782190800000,63556.0,63655.6,63280.4,63312.1,110.94490336000004,trades
1782194400000,63324.0,63325.1,62510.0,62867.3,139.51164381000115,trades
1782198000000,62864.3,63005.0,62799.7,62799.7,62.29443403999974,trades
1782201600000,62799.8,62857.8,61881.1,62303.3,246.11513787000555,trades
1782205200000,62303.3,62440.3,62280.0,62301.5,164.6584392000004,trades
1782208800000,62306.7,62501.6,62170.9,62240.2,194.08730841000127,trades
1782212400000,62240.2,62551.0,62238.9,62438.1,159.5672136000007,trades
1782216000000,62438.1,62479.1,62142.1,62191.9,95.89825178000082,trades
1782219600000,62191.9,62464.2,61885.0,62403.8,139.19719850000166,trades
1782223200000,62404.0,62768.1,62356.4,62412.2,277.29811810000297,trades
1782226800000,62415.5,62437.4,62131.0,62393.7,72.79771876000015,trades
1782230400000,62396.0,62740.0,62350.6,62487.7,89.75787704000075,trades
1782234000000,62487.6,62607.0,62262.6,62278.2,114.38800362000076,trades
1782237600000,62281.9,62374.0,62037.4,62166.6,51.06800540999994,trades
1782241200000,62162.2,62390.1,62131.0,62320.2,160.25014379000132,trades
1782244800000,62320.2,62451.4,62307.7,62389.3,39.64630185,trades
1782248400000,62390.4,62584.5,62390.4,62524.8,51.42000566000011,trades
1782252000000,62525.5,62695.8,62452.2,62514.4,63.81860956000022,trades
1782255600000,62513.8,62700.0,62438.5,62650.3,113.25599729999988,trades
1782259200000,62650.3,62929.5,62650.2,62928.0,123.29198593000042,trades
1782262800000,62928.4,63040.0,62712.0,62856.6,29.84918515999992,trades
1782266400000,62856.5,62928.8,62545.0,62560.8,26.854848639999933,trades
1782270000000,62560.8,62734.3,62390.6,62659.1,20.1792327,trades
1782273600000,62659.2,62704.1,62445.8,62672.5,35.370389490000015,trades
1782277200000,62678.4,62982.3,62632.5,62807.2,16.390831179999925,trades
1782280800000,62807.3,62834.1,62650.0,62701.7,6.781065039999996,trades
1782284400000,62698.4,62757.9,62538.1,62559.6,21.58831928000003,trades
1782288000000,62559.6,62719.1,62524.8,62719.0,9.147970409999964,trades
1782291600000,62719.1,62719.1,62569.9,62617.5,12.671555799999952,trades
1782295200000,62611.0,62611.0,62336.0,62376.0,53.29610706999996,trades
1782298800000,62371.0,63138.7,62246.1,62839.0,59.99848941999989,trades
1782302400000,62830.7,63091.9,62505.3,62529.1,108.55986707000008,trades
1782306000000,62531.3,62549.4,61182.3,61241.4,697.7854788499825,trades
1782309600000,61244.0,61365.0,60809.1,61019.0,494.87820086998806,trades
1782313200000,61019.0,61050.4,60179.0,60179.1,409.4411038800005,trades
1782316800000,60179.1,60573.5,59546.6,59774.1,723.0107916299843,trades
1782320400000,59774.2,59972.7,59001.0,59329.8,447.468562779998,trades
1782324000000,59324.9,59843.8,59248.1,59511.9,248.22862405000384,trades
1782327600000,59523.8,59898.3,59444.5,59868.8,118.72710386,trades
1782331200000,59881.5,61100.0,59763.2,60873.0,471.0188228499908,trades
1782334800000,60882.0,61050.8,60588.0,61013.5,123.6455464500004,trades
1782338400000,61013.6,61157.0,60720.1,60781.3,111.69503351000029,trades
1782342000000,60781.3,61005.3,60738.4,60980.8,58.83279368,trades
1782345600000,60984.3,61060.9,60653.5,60725.8,100.06121654000025,trades
1782349200000,60725.9,60896.2,60645.0,60831.5,52.95799133999992,trades
1782352800000,60831.4,60859.1,60589.3,60701.7,46.56123221999992,trades
1782356400000,60701.8,60799.2,60600.1,60795.1,16.246580609999928,trades
1782360000000,60795.1,61333.1,60690.8,61263.2,138.95605209,trades
1782363600000,61263.2,61700.0,61189.2,61518.5,242.8531844800032,trades
1782367200000,61518.5,61757.3,61509.0,61625.9,39.97370035999986,trades
1782370800000,61625.9,61858.8,61565.7,61817.5,55.65790536999975,trades
1782374400000,61818.8,61822.0,61599.9,61600.0,40.174649279999954,trades
1782378000000,61600.0,61695.7,61515.8,61651.7,30.529185649999867,trades
1782381600000,61650.1,61656.5,61176.0,61186.0,65.7046139100001,trades
1782385200000,61181.6,61328.9,60991.7,61190.8,72.36501819000024,trades
1782388800000,61190.9,61632.1,60985.5,61146.6,95.29710814000023,trades
1782392400000,61146.6,61255.5,58033.0,58218.9,817.3893950299864,trades
1782396000000,58224.5,60410.2,58224.5,59384.3,924.5994506599716,trades
1782399600000,59386.0,59581.5,58786.0,59469.4,222.83496625000387,trades
1782403200000,59470.2,59974.2,59084.9,59224.7,290.0866977500001,trades
1782406800000,59223.4,59628.7,59033.3,59589.4,266.2941084600029,trades
1782410400000,59589.4,59685.3,59279.2,59407.3,73.60484053000015,trades
1782414000000,59413.2,59428.9,59081.9,59199.1,73.90046546000005,trades
1782417600000,59238.8,59645.2,59229.4,59363.8,117.38267693000071,trades
1782421200000,59362.1,60142.1,59362.1,60119.6,132.80084617000034,trades
1782424800000,60116.9,60116.9,59653.4,59757.5,120.07764369000046,trades
1782428400000,59757.9,60091.0,59664.6,59707.1,40.69916275999996,trades
1782432000000,59721.1,59808.5,59557.2,59589.5,33.620171349999815,trades
1782435600000,59589.5,59690.5,59150.0,59328.9,135.6682198800001,trades
1782439200000,59329.4,59367.4,58280.5,58465.4,417.8002273700024,trades
1782442800000,58477.0,60043.2,58265.0,59948.4,226.81536625000072,trades
1782446400000,59950.1,60122.9,59758.1,59825.4,105.77317293999975,trades
1782450000000,59831.2,59950.0,59650.2,59862.6,72.44333072000006,trades
1782453600000,59862.7,60348.6,59628.7,60235.0,135.81114174000098,trades
1782457200000,60235.0,60666.0,60206.0,60456.8,127.05407288000036,trades
1782460800000,60456.9,60474.0,60068.6,60146.6,130.20095160000068,trades
1782464400000,60154.1,60162.0,59501.2,59645.1,45.50865163000002,trades
1782468000000,59645.1,59762.1,59163.0,59219.1,64.64163394000005,trades
1782471600000,59219.2,59482.0,59174.4,59332.1,44.42341248999993,trades
1782475200000,59332.1,59901.2,58901.0,59103.5,122.17526035000036,trades
1782478800000,59103.5,60083.7,58406.4,60083.7,351.7658737299953,trades
1782482400000,60083.7,60183.0,59303.3,59502.9,430.9878952799964,trades
1782486000000,59502.9,60417.9,59502.9,60245.5,341.89953002000294,trades
1782489600000,60241.2,60470.2,59881.7,59958.0,146.50101971000066,trades
1782493200000,59947.5,60194.5,59839.2,59933.3,45.24181274999983,trades
1782496800000,59934.5,60062.2,59493.1,59577.2,59.85800707999986,trades
1782500400000,59576.5,59994.3,59536.2,59664.8,82.43372861000006,trades
1782504000000,59664.9,59891.0,59495.4,59627.3,115.7460528900002,trades
1782507600000,59627.4,59958.6,59591.2,59830.5,52.855755480000205,trades
1782511200000,59834.9,59991.0,59670.0,59966.3,148.69751588999998,trades
1782514800000,59958.3,60023.6,59859.9,60009.2,29.71390842999981,trades
1782518400000,60013.1,60095.6,59800.1,59973.4,21.64826434999989,trades
1782522000000,59977.0,59981.6,59839.5,59859.8,18.81015290999993,trades
1782525600000,59859.8,60260.4,59845.0,60203.7,69.93117239999985,trades
1782529200000,60203.7,60318.3,60077.8,60231.1,144.64894883000076,trades
1782532800000,60227.4,60384.8,60135.3,60135.4,26.080838249999832,trades
1782536400000,60135.5,60220.0,60050.8,60156.9,12.360792089999936,trades
1782540000000,60156.9,60391.2,60025.8,60278.9,14.356342229999958,trades
1782543600000,60278.9,60471.8,60207.8,60447.6,28.28402209999993,trades
1782547200000,60447.6,60458.3,60275.6,60358.7,9.22628118999996,trades
1782550800000,60358.7,60402.6,60204.0,60331.3,14.809746279999867,trades
1782554400000,60331.3,60388.2,60277.3,60318.0,14.619331919999963,trades
1782558000000,60323.0,60356.3,60110.1,60267.7,11.588641229999933,trades
1782561600000,60267.8,60325.0,60176.9,60308.9,9.48406144000001,trades
1782565200000,60321.9,60563.0,60304.0,60504.4,91.75779258999994,trades
1782568800000,60491.0,60619.1,60402.1,60515.8,22.23157840999992,trades
1782572400000,60515.8,60856.3,60468.6,60739.9,152.1700680900016,trades
1782576000000,60740.0,60741.3,60578.6,60716.0,26.523582619999967,trades
1782579600000,60716.0,60716.0,60346.4,60436.8,46.93219673000005,trades
1782583200000,60436.9,60470.8,60357.0,60447.4,20.35734548999995,trades
1782586800000,60471.5,60513.0,60000.0,60083.4,103.24143626999997,trades
1782590400000,60083.0,60208.3,60083.0,60195.2,16.757530329999923,trades
1782594000000,60206.9,60377.5,60049.7,60106.3,31.273698009999904,trades
1782597600000,60099.4,60153.4,59763.1,60135.7,66.61755201000021,trades
1782601200000,60135.7,60211.1,59868.5,59941.5,41.99889340999996,trades
1782604800000,59941.5,60097.6,59924.1,60071.5,22.01562812999998,trades
1782608400000,60054.4,60179.9,59894.3,60119.6,17.246308289999952,trades
1782612000000,60119.7,60239.9,59971.2,60082.6,34.27200160999991,trades
1782615600000,60074.6,60189.3,60070.3,60122.6,15.08050780999996,trades
1782619200000,60122.7,60146.6,60005.0,60038.6,36.12462123,trades
1782622800000,60038.7,60051.0,59675.4,59891.1,43.3277268799998,trades
1782626400000,59891.2,59937.8,59728.8,59914.9,14.850469219999962,trades
1782630000000,59915.0,60160.0,59914.9,60128.6,12.869715929999934,trades
1782633600000,60132.6,60441.1,60068.5,60289.9,15.293517419999931,trades
1782637200000,60289.9,60363.3,60163.9,60185.8,8.213879199999994,trades
1782640800000,60188.7,60207.0,59999.0,60090.4,6.145319630000022,trades
1782644400000,60090.4,60287.5,60033.5,60250.7,17.33279572999996,trades
1782648000000,60250.8,60348.7,60102.8,60209.7,19.30912542999992,trades
1782651600000,60209.8,60209.8,59900.0,59993.9,32.176454869999795,trades
1782655200000,59994.0,60161.0,59928.0,59948.4,23.184113259999872,trades
1782658800000,59948.4,60031.1,59750.0,59798.5,45.39598947999988,trades
1782662400000,59798.6,59851.6,59514.4,59603.6,101.53265714999992,trades
1782666000000,59603.1,59738.5,59325.3,59498.4,72.2996436299999,trades
1782669600000,59498.4,59612.1,59420.1,59536.5,21.209057929999897,trades
1782673200000,59522.9,59583.1,59193.2,59398.4,76.97136930000006,trades
1782676800000,59398.5,59664.5,59398.4,59565.2,95.87652507000004,trades
1782680400000,59565.6,59682.9,59250.7,59330.9,73.00515364000067,trades
1782684000000,59340.0,59814.5,58832.8,58993.0,162.32185088000276,trades
1782687600000,58992.9,59763.3,58924.4,59489.5,60.15101357000019,trades
1782691200000,59488.9,59593.0,58911.4,59585.4,115.84440008000064,trades
1782694800000,59573.5,59585.8,59125.3,59356.9,58.84271937999992,trades
1782698400000,59356.8,59698.0,58818.6,59659.1,111.4106927400002,trades
1782702000000,59659.1,60107.4,59659.0,59948.1,94.82274880000055,trades
1782705600000,59950.2,59957.0,59660.5,59746.2,13.280665799999918,trades
1782709200000,59746.2,59986.3,59303.9,59986.3,32.14428952999982,trades
1782712800000,59987.6,60224.4,59958.8,59992.4,77.93459805000015,trades
1782716400000,59992.4,60081.4,59858.1,59944.6,20.26655991999989,trades
1782720000000,59944.6,59985.7,59657.5,59762.4,34.47114156999999,trades
1782723600000,59762.5,59999.9,59704.0,59970.5,34.55223344999982,trades
1782727200000,59970.5,60223.0,59970.5,59996.3,35.53938999999986,trades
1782730800000,59996.3,60126.3,59717.8,59869.2,65.16798592000009,trades
1782734400000,59873.8,60687.0,59525.0,59868.6,204.8139109800058,trades
1782738000000,59869.7,60232.8,59229.4,59452.1,166.14230303000187,trades
1782741600000,59458.7,59596.8,58918.9,59358.6,277.58352442999967,trades
1782745200000,59358.6,59848.7,59000.0,59707.5,196.9468841100019,trades
1782748800000,59707.5,59888.0,59476.1,59796.2,83.58808013000004,trades
1782752400000,59793.0,60566.4,59790.3,60321.7,283.23489184999914,trades
1782756000000,60330.6,60434.2,60110.2,60198.7,122.27075629000042,trades
1782759600000,60200.0,60464.5,60068.0,60343.0,107.2190750100002,trades
1782763200000,60344.4,60459.9,60198.6,60208.5,69.21623154000008,trades
1782766800000,60208.3,60499.2,60182.2,60399.5,55.62244300000029,trades
1782770400000,60399.5,60425.0,60258.6,60265.1,29.47843761999993,trades
1782774000000,60266.8,60292.2,60117.3,60157.3,27.85621014999989,trades
1782777600000,60169.7,60172.5,59612.1,59752.5,87.22863362999945,trades
1782781200000,59752.6,59962.7,59695.4,59854.6,58.3171222000001,trades
1782784800000,59853.5,59950.0,59663.3,59855.8,36.06867158000004,trades
1782788400000,59855.8,59926.2,59510.1,59545.1,60.80367061000009,trades
1782792000000,59521.9,59596.5,59337.8,59400.2,144.94445679000012,trades
1782795600000,59400.2,59549.9,59279.2,59549.8,95.64311999999978,trades
1782799200000,59549.9,59620.9,59429.6,59500.0,15.49007248999992,trades
1782802800000,59500.1,59531.3,59365.3,59430.0,28.793993599999915,trades
1782806400000,59430.0,59450.0,59108.8,59222.9,163.82706325000214,trades
1782810000000,59222.9,59320.8,59156.3,59288.1,85.20060675999996,trades
1782813600000,59288.2,59326.1,59204.0,59271.0,65.69382725000001,trades
1782817200000,59247.1,59315.4,59027.4,59088.1,150.32739776000037,trades
1782820800000,59088.1,59094.3,58282.5,58306.4,309.6027849499983,trades
1782824400000,58310.9,58699.2,58122.1,58626.3,640.9046813299901,trades
1782828000000,58632.8,59176.5,58333.6,58377.4,374.7614463699997,trades
1782831600000,58374.7,58708.3,58100.0,58273.1,368.0823715999989,trades
1782835200000,58282.8,58544.2,58170.6,58403.8,241.62026046000284,trades
1782838800000,58404.6,58520.0,58221.3,58332.9,133.2551340900009,trades
1782842400000,58332.9,58625.3,58271.8,58585.0,70.34895626999992,trades
1782846000000,58580.5,58743.4,58500.0,58729.8,123.5253100199998,trades
1782849600000,58725.7,58789.1,58562.8,58645.8,57.07155004000012,trades
1782853200000,58645.8,58677.5,58431.8,58549.1,70.55925309000018,trades
1782856800000,58553.9,58700.0,58434.3,58520.1,93.97660047999996,trades
1782860400000,58520.1,58574.5,58470.9,58531.9,32.815889219999896,trades
1782864000000,58531.9,58653.5,58222.7,58483.6,36.27811362999992,trades
1782867600000,58483.6,58901.7,57740.0,58690.3,333.8644841400019,trades
1782871200000,58674.7,59078.0,58581.5,58991.8,94.14739733999949,trades
1782874800000,58993.5,59199.0,58755.8,59100.0,207.21852437000007,trades
1782878400000,59100.0,59357.4,58972.7,59239.3,116.5228454099998,trades
1782882000000,59239.3,59286.1,59035.6,59062.9,85.86111291000005,trades
1782885600000,59063.1,59067.7,58459.9,58670.6,102.41661865999995,trades
1782889200000,58670.6,58725.3,58516.2,58693.3,43.04118646000003,trades
1782892800000,58693.4,58908.3,58431.7,58891.4,88.59655876999982,trades
1782896400000,58903.9,59026.7,58766.9,58877.9,67.95798408000005,trades
1782900000000,58870.2,58873.0,58551.1,58586.7,46.218842390000106,trades
1782903600000,58586.7,58708.9,58483.9,58545.6,166.51684414000027,trades
1782907200000,58545.7,58595.3,58268.7,58462.4,190.5161864400009,trades
1782910800000,58462.4,59445.3,58457.3,59441.0,256.842972430001,trades
1782914400000,59426.9,60027.2,59212.8,59464.9,357.63921744999595,trades
1782918000000,59464.9,60449.9,59456.4,60097.0,287.83978528000114,trades
1782921600000,60097.0,60183.5,59804.7,59858.3,102.86639788999965,trades
1782925200000,59858.3,60181.6,59720.8,60127.1,124.8233641099994,trades
1782928800000,60127.1,60237.4,59955.7,60103.1,88.79251602000006,trades
1782932400000,60108.2,60290.6,59938.0,59965.5,115.3231324599998,trades
1782936000000,59965.6,60127.5,59823.3,60073.1,90.43165875999982,trades
1782939600000,60072.6,60776.2,60068.8,60751.8,166.82194703,trades
1782943200000,60753.7,61270.0,60280.6,60424.6,295.0534979699977,trades
1782946800000,60424.6,60424.6,59915.4,59959.4,72.53507396999987,trades
1782950400000,59964.3,59966.7,59529.6,59679.9,137.61007079000058,trades
1782954000000,59680.0,60240.0,59657.2,60113.4,71.58033896000013,trades
1782957600000,60115.1,60421.0,59958.0,60375.0,43.04839121999999,trades
1782961200000,60359.7,61033.1,60245.8,60986.0,155.59657633000077,trades
1782964800000,60986.0,60986.0,60671.0,60722.7,37.00119322999978,trades
1782968400000,60722.7,60794.6,60423.3,60432.2,30.84155918999977,trades
1782972000000,60432.2,60569.1,60182.2,60212.0,86.43858968999955,trades
1782975600000,60212.0,60218.5,60040.3,60063.3,52.347803780000106,trades
1782979200000,60069.2,60471.8,60053.3,60431.2,65.36831770000012,trades
1782982800000,60431.6,61365.7,60309.9,61095.5,198.484752060002,trades
1782986400000,61101.8,61256.0,60974.5,61180.5,151.79909778000095,trades
1782990000000,61189.2,61289.7,61054.1,61286.6,67.44527839000021,trades
1782993600000,61286.5,61522.6,61080.8,61466.7,276.0090577600012,trades
1782997200000,61471.8,61969.4,61448.0,61857.4,367.61975784999856,trades
1783000800000,61866.5,62137.2,61338.9,61615.3,184.8166886400033,trades
1783004400000,61616.4,61762.5,61361.2,61550.0,208.0656885900013,trades
1783008000000,61551.6,61703.2,61091.8,61619.7,163.2273164800021,trades
1783011600000,61619.8,61883.2,61572.3,61608.7,101.87149251,trades
1783015200000,61609.4,61800.0,61609.3,61699.0,32.49685420999985,trades
1783018800000,61699.7,61699.7,61374.3,61399.8,118.32116398000004,trades
1783022400000,61418.0,61532.9,61273.9,61518.6,200.9336017600017,trades
1783026000000,61518.7,61590.7,61447.1,61526.0,75.90137550000016,trades
1783029600000,61520.9,61520.9,61343.6,61391.4,28.35452870999985,trades
1783033200000,61391.5,61526.0,61277.9,61484.4,37.47595976999999,trades
1783036800000,61484.5,61496.3,61173.9,61233.4,36.85975074999983,trades
1783040400000,61233.4,61647.8,61217.0,61507.2,28.196443389999928,trades
1783044000000,61507.5,61588.1,61191.6,61353.6,56.27115850000021,trades
1783047600000,61355.4,61493.6,61253.6,61360.8,103.71716482000004,trades
1783051200000,61360.8,61444.2,61263.7,61378.7,75.5441352299998,trades
1783054800000,61378.7,61710.6,61361.1,61624.9,76.41893465,trades
1783058400000,61624.9,61772.6,61538.2,61648.6,37.99487774999995,trades
1783062000000,61648.7,61795.2,61592.3,61680.1,23.285866910000006,trades
1783065600000,61680.1,61814.4,61499.5,61508.3,24.198873019999823,trades
1783069200000,61508.4,61712.5,61450.0,61651.3,24.40991249999995,trades
1783072800000,61650.1,61956.0,61600.1,61841.8,50.10822936999994,trades
1783076400000,61841.9,62007.5,61776.8,61955.8,64.33684366000018,trades
1783080000000,61955.9,62110.6,61811.2,61909.9,66.62657014000001,trades
1783083600000,61909.9,62201.2,61871.4,62050.1,80.80389219999982,trades
1783087200000,62050.1,62200.0,61651.5,62098.6,129.37748901000023,trades
1783090800000,62098.3,62359.0,61777.3,61866.9,110.0944045199999,trades
1783094400000,61864.1,62064.9,61857.4,62044.7,89.85354011999976,trades
1783098000000,62050.8,62223.7,62029.6,62129.4,39.59584157999993,trades
1783101600000,62129.5,62186.2,62063.5,62154.8,47.242332329999904,trades
1783105200000,62152.6,62238.6,62100.1,62159.4,36.237800880000016,trades
1783108800000,62159.4,62835.0,62132.4,62708.6,361.9490195999961,trades
1783112400000,62710.1,62881.7,62470.5,62665.7,164.98563562000194,trades
1783116000000,62664.9,62686.6,62474.1,62516.1,44.58175801999976,trades
1783119600000,62516.1,62645.8,62468.6,62546.8,15.94737939999993,trades
1783123200000,62539.0,62874.6,62527.8,62710.0,134.1918733000004,trades
1783126800000,62710.1,62710.1,62359.2,62428.2,38.48993347999988,trades
1783130400000,62428.2,62520.1,62374.6,62480.0,47.61805412999996,trades
1783134000000,62480.1,62700.0,62430.9,62574.9,45.03756017000001,trades
1783137600000,62575.0,62689.0,62531.3,62634.3,37.29722320999987,trades
1783141200000,62634.4,62634.4,62381.2,62392.2,49.414939250000025,trades
1783144800000,62392.3,62501.0,62290.9,62440.1,12.726094879999946,trades
1783148400000,62440.1,62560.0,62398.6,62530.0,24.60650277999998,trades
1783152000000,62521.1,62590.0,62455.6,62506.8,24.52281882999998,trades
1783155600000,62506.9,62530.4,62362.4,62450.0,12.819681920000006,trades
1783159200000,62450.0,62490.2,62387.9,62471.1,23.39290048,trades
1783162800000,62460.9,62504.5,62420.0,62436.6,9.19816435999999,trades
1783166400000,62436.7,62630.3,62407.8,62619.2,42.302966619999765,trades
1783170000000,62619.2,62701.8,62494.4,62536.9,14.642533380000014,trades
1783173600000,62536.9,62675.2,62536.8,62644.2,20.12661326999994,trades
1783177200000,62644.3,63019.8,62644.2,62883.2,90.2568897299995,trades
1783180800000,62883.4,62911.3,62739.1,62866.9,78.84915762999972,trades
1783184400000,62867.0,63443.4,62765.3,63228.6,133.65625251000026,trades
1783188000000,63225.3,63285.4,63046.1,63123.7,201.0384282500021,trades
1783191600000,63123.7,63410.1,63076.2,63246.6,128.6919652900001,trades
1783195200000,63246.6,63336.6,63121.5,63180.0,28.037849360000017,trades
1783198800000,63180.1,63398.5,63153.4,63260.0,13.874489229999927,trades
1783202400000,63260.1,63260.1,63121.0,63136.2,10.815691569999997,trades
1783206000000,63137.0,63175.6,62900.0,63085.8,96.40604276999994,trades
1783209600000,63085.4,63085.4,62845.0,62920.5,29.739852229999904,trades
1783213200000,62920.5,62978.7,62738.8,62829.3,47.31487911999993,trades
1783216800000,62829.4,62855.7,62553.7,62636.7,19.19976378000001,trades
1783220400000,62636.7,62733.0,62603.6,62710.1,24.47265728999992,trades
1783224000000,62710.1,62882.2,62654.2,62778.1,22.33485939999997,trades
1783227600000,62766.8,62766.8,62603.7,62700.7,19.429201469999963,trades
1783231200000,62700.8,62755.6,62618.4,62724.1,28.01492059999999,trades
1783234800000,62724.1,62980.0,62665.8,62974.8,45.48335420999992,trades
1783238400000,62974.8,63038.2,62848.8,62881.4,6.333715250000007,trades
1783242000000,62875.3,62875.3,62393.3,62562.9,52.04050338999986,trades
1783245600000,62563.9,62695.3,62483.9,62691.8,26.889960710000008,trades
1783249200000,62691.9,62758.2,62556.1,62590.3,17.513714140000065,trades
1783252800000,62581.5,62707.9,62510.7,62674.5,33.903671839999895,trades
1783256400000,62674.5,62762.7,62600.8,62737.8,23.01584353000001,trades
1783260000000,62737.8,62747.8,62609.4,62742.3,22.493611919999985,trades
1783263600000,62742.2,62890.0,62627.0,62682.9,10.993664029999978,trades
1783267200000,62682.9,62715.2,62550.0,62581.3,40.96125839999988,trades
1783270800000,62577.7,62740.1,62535.9,62575.5,18.601036049999948,trades
1783274400000,62574.5,62809.0,62570.3,62759.9,14.27219563999996,trades
1783278000000,62760.0,62824.6,62682.0,62722.7,36.48165072999992,trades
1783281600000,62718.3,62781.0,62649.6,62681.4,10.951766619999963,trades
1783285200000,62681.4,63200.0,62564.9,63039.8,81.95186819999999,trades
1783288800000,63031.5,63887.4,62947.0,63671.6,222.55981566000608,trades
1783292400000,63671.0,63925.9,63514.4,63593.0,75.69511965999878,trades
1783296000000,63593.0,63689.1,63308.0,63689.1,62.47361932999943,trades
1783299600000,63689.1,63840.9,63499.1,63510.1,31.549153539999864,trades
1783303200000,63510.1,63597.9,63325.0,63414.5,23.32312998999996,trades
1783306800000,63396.9,63428.8,63088.2,63241.6,39.005686159999776,trades
1783310400000,63229.9,63319.5,63121.5,63201.7,46.07429333000003,trades
1783314000000,63201.8,63201.8,62900.1,63059.2,70.08504084000002,trades
1783317600000,63059.2,63085.1,62907.8,62920.7,58.34235784999991,trades
1783321200000,62920.8,63050.4,62823.8,63023.2,28.20131719999996,trades
1783324800000,63023.2,63162.5,62769.1,62840.0,35.567370639999865,trades
1783328400000,62840.0,62847.4,62575.0,62603.6,27.876006959999938,trades
1783332000000,62604.1,62956.9,62600.9,62757.0,62.3711674999999,trades
1783335600000,62757.1,62932.0,62455.5,62455.5,166.96203001000077,trades
1783339200000,62450.0,62450.0,61612.4,61694.2,559.2965035499965,trades
1783342800000,61696.0,61990.0,61271.2,61719.1,344.4251309200006,trades
1783346400000,61719.2,62349.9,61671.0,61996.8,189.687828340002,trades
1783350000000,61998.2,63490.7,61998.2,63490.6,422.5610086199957,trades
1783353600000,63490.7,63827.4,63330.6,63679.4,369.8286756400011,trades
1783357200000,63679.5,63900.0,63521.7,63534.6,142.53611116000047,trades
1783360800000,63534.6,63830.1,63503.7,63648.8,71.56910410999988,trades
1783364400000,63652.5,63840.9,63610.8,63696.6,64.7410538699997,trades
1783368000000,63698.2,63853.4,63529.9,63783.3,60.48091062999988,trades
1783371600000,63783.2,64675.0,63762.0,64453.0,305.8421675699996,trades
1783375200000,64444.6,64444.6,64121.7,64204.4,33.046217459999795,trades
1783378800000,64204.5,64290.9,64005.0,64005.1,51.41779354999978,trades
1783382400000,64005.1,64258.0,63972.9,64162.4,91.2164071199998,trades
1783386000000,64162.4,64162.4,63755.0,63791.0,27.202728439999884,trades
1783389600000,63791.0,63860.8,63245.0,63268.5,95.00506439999982,trades
1783393200000,63280.7,63362.3,63110.1,63125.0,94.7358094999999,trades
1783396800000,63125.0,63228.3,63016.7,63045.6,204.2337900600004,trades
1783400400000,63045.6,63217.1,62768.4,63082.1,63.78827858999971,trades
1783404000000,63082.1,63348.3,62946.0,63301.1,43.671199829999885,trades
1783407600000,63301.2,63389.1,63035.1,63035.1,64.86193359999974,trades
1783411200000,63035.1,63125.6,62945.9,63046.8,39.12339713999988,trades
1783414800000,63046.8,63285.0,62997.6,63203.3,34.98270820999999,trades
1783418400000,63203.3,63392.4,63170.3,63218.8,68.52524971999972,trades
1783422000000,63219.2,63384.3,63055.4,63338.6,44.97583736999989,trades
1783425600000,63338.6,63790.9,63338.3,63416.7,66.28990157999975,trades
1783429200000,63422.4,63424.1,62914.7,62982.0,228.9242793900011,trades
1783432800000,62986.5,63559.3,62613.3,63499.9,249.22697769000203,trades
1783436400000,63501.8,64059.2,63309.4,63871.9,192.5473730599992,trades
1783440000000,63872.0,64196.6,63770.0,63939.0,154.82325248000126,trades
1783443600000,63937.9,64184.8,63832.0,64135.7,78.27447693000005,trades
1783447200000,64135.7,64135.7,63641.0,63641.0,87.90491749000014,trades
1783450800000,63641.0,63834.4,63348.2,63766.9,96.35340742000022,trades
1783454400000,63766.9,63840.9,63571.7,63651.2,73.76274741000002,trades
1783458000000,63655.3,63804.9,63288.0,63382.3,69.1877713499998,trades
1783461600000,63382.3,63603.2,63170.9,63506.4,43.46429953999976,trades
1783465200000,63502.2,63660.9,63281.2,63304.0,22.732972590000003,trades
1783468800000,63319.7,63706.4,63277.9,63567.3,41.64607773999983,trades
1783472400000,63567.3,63602.0,62866.0,62990.5,74.15059061999955,trades
1783476000000,62990.5,63012.6,62476.1,62919.7,66.71709287999975,trades
1783479600000,62933.8,63042.8,62666.9,62703.1,15.301240179999912,trades
1783483200000,62703.1,62850.5,62643.2,62748.5,37.04734224999991,trades
1783486800000,62745.7,62814.8,62515.5,62587.7,69.21336012999994,trades
1783490400000,62587.8,62699.6,62440.6,62590.0,161.22088370000083,trades
1783494000000,62590.0,62838.9,62504.4,62838.9,70.79315905000004,trades
1783497600000,62838.9,62876.6,61821.8,61954.2,283.9987402599991,trades
1783501200000,61956.2,62097.4,61700.0,62005.7,45.54662463999979,trades
1783504800000,62005.7,62125.3,61840.1,62105.4,59.45410124999959,trades
1783508400000,62125.3,62338.9,61991.7,62247.0,77.71986790000003,trades
1783512000000,62247.0,62358.2,61896.5,61896.5,75.62512860999978,trades
1783515600000,61896.6,62024.3,61572.1,61883.0,97.67835327999944,trades
1783519200000,61879.0,62114.5,61651.4,61834.1,92.97722051999988,trades
1783522800000,61840.5,61846.7,61472.9,61646.5,125.96487534000045,trades
1783526400000,61646.5,62083.8,61623.2,62050.2,115.39420447000046,trades
1783530000000,62050.2,62335.7,61967.1,62048.2,80.14726620000003,trades
1783533600000,62052.5,62282.6,62000.0,62125.2,72.62518305000015,trades
1783537200000,62125.1,62244.8,62015.9,62216.8,33.67171074999983,trades
1783540800000,62232.8,62250.0,62034.7,62047.1,48.91422269999986,trades
1783544400000,62061.5,62196.9,61928.3,62136.2,72.33580964000004,trades
1783548000000,62138.0,62288.9,62132.6,62283.8,35.81021660999994,trades
1783551600000,62282.7,62300.0,62137.4,62241.1,8.377859819999989,trades
1783555200000,62236.6,62260.8,62008.9,62067.5,17.40599355999993,trades
1783558800000,62067.5,62609.1,61792.1,61855.6,157.39570909000113,trades
1783562400000,61859.8,62050.0,61650.0,61730.0,31.409012469999844,trades
1783566000000,61732.5,62023.9,61680.0,61933.1,65.23701548000014,trades
1783569600000,61933.2,62395.6,61912.8,62395.5,33.49326183999983,trades
1783573200000,62395.6,62555.6,62200.0,62517.4,64.39898092000007,trades
1783576800000,62517.5,62921.1,62438.8,62908.8,97.61955421999996,trades
1783580400000,62907.1,63190.3,62746.2,62955.8,69.82547138999978,trades
1783584000000,62955.5,63028.4,62808.9,62846.8,46.866790120000026,trades
1783587600000,62846.5,62937.8,62736.6,62900.0,61.63465079999983,trades
1783591200000,62900.7,62992.6,62644.6,62727.1,48.77561963999994,trades
1783594800000,62727.1,62757.3,62550.0,62721.9,75.44007680999991,trades
1783598400000,62724.0,62883.3,62410.6,62567.1,126.43017207999964,trades
1783602000000,62565.8,63166.2,62463.0,62965.9,159.64592847000085,trades
1783605600000,62972.0,63066.1,62613.1,62956.2,84.52361355999987,trades
1783609200000,62956.2,63186.6,62778.6,62815.2,119.6311713699998,trades
1783612800000,62807.5,62943.5,62520.0,62654.9,53.96985617999961,trades
1783616400000,62654.9,63095.3,62620.0,63065.0,60.665407479999786,trades
1783620000000,63065.0,63490.3,63026.7,63168.2,161.67526592000257,trades
1783623600000,63167.4,63317.3,63102.6,63176.2,77.55842149000017,trades
1783627200000,63176.2,63275.5,63125.7,63257.6,43.951956159999774,trades
1783630800000,63257.7,63347.9,63163.4,63227.4,26.225610579999994,trades
1783634400000,63224.8,63369.0,63168.0,63168.0,44.75222320999978,trades
1783638000000,63168.1,63275.1,63026.6,63174.0,17.620620769999924,trades
1783641600000,63174.0,63205.2,62895.1,63053.6,65.37275819999981,trades
1783645200000,63053.6,63879.9,62921.1,63682.2,156.11056252000006,trades
1783648800000,63683.5,63992.7,63642.6,63915.0,98.90571574999991,trades
1783652400000,63915.1,63991.2,63771.6,63893.9,29.99063029999988,trades
1783656000000,63893.9,64121.9,63800.2,63994.1,33.782807389999896,trades
1783659600000,63994.2,64150.6,63900.0,64064.6,67.5134144399999,trades
1783663200000,64074.6,64100.0,63790.8,63800.2,24.844489419999945,trades
1783666800000,63800.2,63958.5,63765.5,63950.0,38.59536687999995,trades
1783670400000,63950.1,64338.9,63949.7,64191.8,84.90339566,trades
1783674000000,64191.3,64431.2,64060.9,64352.3,126.8064225200002,trades
1783677600000,64352.4,64438.3,64226.4,64355.3,40.84757108999999,trades
1783681200000,64354.0,64420.7,64304.9,64376.0,29.315602669999983,trades
1783684800000,64378.1,64560.0,64236.6,64250.0,142.78958679000004,trades
1783688400000,64249.9,64635.0,64108.7,64452.3,172.36842522000055,trades
1783692000000,64452.4,64466.7,63768.2,63859.9,146.01736919000032,trades
1783695600000,63860.0,64154.5,63850.0,63968.9,107.95775560999984,trades
1783699200000,63975.9,64157.0,63762.2,64095.7,101.8748391099999,trades
1783702800000,64089.8,64107.0,63778.1,63778.1,32.777412969999965,trades
1783706400000,63778.2,63926.5,63687.1,63758.3,51.94333115999986,trades
1783710000000,63758.3,64004.2,63727.1,63868.8,60.43866051999976,trades
1783713600000,63872.8,63878.7,63617.6,63793.4,45.78379291999989,trades
1783717200000,63793.5,64034.0,63791.7,63970.2,28.84560624999996,trades
1783720800000,63962.3,64126.1,63937.3,64072.6,30.30383514999999,trades
1783724400000,64072.6,64150.0,63989.0,64126.4,19.139263639999985,trades
1783728000000,64126.5,64129.3,63994.1,64099.3,20.879405299999963,trades
1783731600000,64099.4,64250.0,63966.6,63979.8,30.347931259999925,trades
1783735200000,63979.8,64120.4,63957.7,64113.3,13.03250987999994,trades
1783738800000,64113.3,64147.9,64034.4,64130.8,20.29056363999993,trades
1783742400000,64130.9,64173.2,64051.9,64101.9,7.126244140000013,trades
1783746000000,64103.0,64175.5,64086.3,64122.9,21.61551746999996,trades
1783749600000,64123.0,64214.7,64082.9,64181.3,20.596309259999995,trades
1783753200000,64181.4,64197.8,64116.0,64116.2,7.713659789999998,trades
1783756800000,64116.2,64250.0,64116.1,64213.9,9.62547904999997,trades
1783760400000,64214.8,64230.0,64116.1,64116.2,15.21871213999996,trades
1783764000000,64116.2,64141.9,64074.1,64136.9,18.800780609999983,trades
1783767600000,64136.9,64142.5,64125.0,64142.5,6.727056390000013,trades
1783771200000,64142.5,64173.9,64076.8,64137.1,14.090648879999945,trades
1783774800000,64137.1,64213.8,64137.0,64197.0,6.866078270000009,trades
1783778400000,64197.0,64442.5,64196.9,64318.2,39.53207095999988,trades
1783782000000,64318.2,64425.1,63911.0,64126.2,101.92332280000014,trades
1783785600000,64126.3,64224.0,64055.9,64124.2,34.5159073299999,trades
1783789200000,64124.2,64334.1,64113.1,64277.1,24.104232839999906,trades
1783792800000,64277.1,64329.8,64236.6,64270.9,13.517972259999963,trades
1783796400000,64270.9,64285.7,64185.8,64239.8,7.788780700000018,trades
1783800000000,64239.7,64396.1,64239.7,64338.6,11.978307769999962,trades
1783803600000,64338.7,64385.4,64311.2,64311.2,10.204791119999982,trades
1783807200000,64311.3,64381.0,64095.3,64159.9,32.74164593999996,trades
1783810800000,64160.0,64194.0,63779.5,63779.5,73.39089311999976,trades
1783814400000,63779.6,63858.3,63668.5,63792.1,47.93347762999996,trades
1783818000000,63792.1,64125.0,63774.0,64089.8,52.2106788099997,trades
1783821600000,64089.9,64092.5,63991.7,64041.1,8.427762899999994,trades
1783825200000,64041.2,64164.7,64002.4,64164.7,10.073468359999955,trades
1783828800000,64164.7,64187.8,63905.0,63945.6,11.27011145999995,trades
1783832400000,63945.5,63974.1,63875.1,63943.7,18.51352000999995,trades
1783836000000,63937.2,63937.2,63600.8,63725.0,32.659045859999914,trades
1783839600000,63725.0,63860.4,63699.9,63854.6,11.41648036999994,trades
1783843200000,63854.6,64040.9,63854.5,63937.9,7.541683850000008,trades
1783846800000,63937.9,63990.9,63720.6,63918.4,25.50648019999999,trades
1783850400000,63918.5,63918.5,63800.7,63828.3,14.879614790000009,trades
1783854000000,63828.3,63981.9,63791.0,63966.1,19.881172979999963,trades
1783857600000,63966.1,64088.6,63928.8,63990.4,15.8287835899999,trades
1783861200000,63990.5,64043.7,63968.0,63988.2,10.728612609999956,trades
1783864800000,63988.3,64240.9,63925.7,64159.1,20.43051013999995,trades
1783868400000,64157.3,64207.4,64090.9,64123.3,31.97558274999989,trades
1783872000000,64123.3,64151.8,64016.5,64135.0,11.210055029999948,trades
1783875600000,64135.1,64135.1,64000.0,64041.3,18.032563389999947,trades
1783879200000,64041.4,64107.4,63979.9,64107.3,40.883679869999945,trades
1783882800000,64107.4,64214.1,64107.3,64188.5,12.376792939999946,trades
1783886400000,64184.8,64201.5,64126.0,64145.7,8.32238469000001,trades
1783890000000,64145.7,64194.7,63862.1,63881.1,29.03554856999998,trades
1783893600000,63881.2,63881.2,63635.7,63851.5,80.04957368999995,trades
1783897200000,63851.6,63859.6,63690.9,63737.4,16.067388849999894,trades
1783900800000,63737.8,64364.6,63536.5,64040.1,67.83737399999943,trades
1783904400000,64040.1,64040.1,63354.3,63383.7,78.11589494999951,trades
1783908000000,63383.8,63498.9,63217.3,63325.7,42.29257955999975,trades
1783911600000,63325.8,63341.9,62706.0,62766.2,134.7562315200002,trades
1783915200000,62766.3,62867.0,62598.1,62626.0,61.22014913999978,trades
1783918800000,62626.0,62868.8,62442.8,62745.8,91.14125606999964,trades
1783922400000,62748.3,62828.3,62679.9,62744.0,27.377395169999904,trades
1783926000000,62745.3,63005.0,62744.0,62937.4,56.597006440000165,trades
1783929600000,62937.4,63217.1,62893.3,63141.7,32.042155749999935,trades
1783933200000,63141.8,63141.8,63029.2,63039.4,20.44705437999994,trades
1783936800000,63039.4,63080.0,62802.3,62802.9,55.14602803999984,trades
1783940400000,62803.0,63055.4,62803.0,62844.1,30.65810203999996,trades
1783944000000,62844.1,62908.8,62505.2,62562.1,80.59587499999995,trades
1783947600000,62562.2,62687.6,62119.0,62265.5,145.91616381000142,trades
1783951200000,62265.6,62718.4,62067.1,62718.4,172.483532000001,trades
1783954800000,62718.4,62885.9,62505.2,62567.4,124.31062134000028,trades
1783958400000,62563.2,62563.2,62164.0,62206.7,117.6808140599998,trades
1783962000000,62206.7,62296.3,61828.4,61836.8,88.22065080999967,trades
1783965600000,61836.8,62037.2,61765.0,61962.2,160.68350577000143,trades
1783969200000,61962.2,62220.0,61940.5,62219.8,73.30704100000011,trades
1783972800000,62219.8,62258.6,62003.3,62149.2,60.78649714999999,trades
1783976400000,62149.2,62158.3,61839.9,62011.2,51.357993400000026,trades
1783980000000,62011.3,62151.2,61837.8,61856.1,62.2291703799999,trades
1783983600000,61856.1,62253.5,61823.0,62253.5,33.67592265999983,trades
1783987200000,62253.4,62593.2,62203.4,62480.3,60.94986078999975,trades
1783990800000,62477.6,62564.0,62387.5,62462.1,26.54271604999979,trades
1783994400000,62462.1,62550.0,62260.0,62475.3,29.069906099999727,trades
1783998000000,62475.3,62523.1,62239.9,62504.5,25.79515047999981,trades
1784001600000,62504.6,62688.7,62473.7,62680.1,24.698312389999863,trades
1784005200000,62680.1,62800.0,62630.1,62639.9,57.54658364000006,trades
1784008800000,62640.0,62699.5,62503.7,62542.0,17.174908449999847,trades
1784012400000,62542.1,62574.6,62402.0,62471.4,41.16586280999999,trades
1784016000000,62471.4,62700.0,62418.5,62625.9,28.95083538999991,trades
1784019600000,62626.0,62670.1,62459.9,62549.0,25.925572509999988,trades
1784023200000,62549.1,62833.8,62537.5,62733.2,29.69671982999984,trades
1784026800000,62733.2,62847.3,62644.0,62774.8,14.844383429999928,trades
1784030400000,62774.8,63897.8,62709.3,63879.6,337.0241430299971,trades
1784034000000,63879.7,64095.5,63626.2,63785.7,213.65459910000163,trades
1784037600000,63785.7,64257.2,63542.1,64244.0,160.61255230000063,trades
1784041200000,64243.9,64881.2,64142.7,64668.5,382.1859422699966,trades
1784044800000,64678.0,64840.9,64563.8,64687.6,159.52350503000125,trades
1784048400000,64687.7,64687.7,64251.3,64581.1,197.93632453000168,trades
1784052000000,64585.8,64590.9,64438.9,64529.4,41.58097583999982,trades
1784055600000,64531.6,64645.5,64431.4,64515.7,84.87074258000004,trades
1784059200000,64515.7,64540.9,64390.9,64530.3,77.4919627,trades
1784062800000,64530.3,64858.5,64477.0,64620.0,98.5995692700002,trades
1784066400000,64620.0,65056.3,64484.4,64818.7,329.3865473799974,trades
1784070000000,64818.7,64983.6,64731.5,64977.2,45.46809703999963,trades
1784073600000,64983.5,65001.3,64732.1,64790.1,31.04220050999992,trades
1784077200000,64790.1,64798.0,64605.1,64624.2,20.428415459999904,trades
1784080800000,64624.2,64703.3,64433.3,64453.6,43.111723369999964,trades
1784084400000,64453.6,64777.0,64453.5,64741.2,42.12212039999985,trades
1784088000000,64738.3,64822.5,64671.3,64690.9,49.395211299999865,trades
1784091600000,64691.0,64888.0,64555.4,64883.4,30.418540609999933,trades
1784095200000,64883.4,65210.2,64790.9,64791.0,94.65412073999968,trades
1784098800000,64791.0,64830.8,64456.6,64506.9,44.30391999999992,trades
1784102400000,64506.9,64727.5,64506.9,64719.6,31.90368688999995,trades
1784106000000,64719.6,64860.7,64602.1,64603.6,31.02506074999999,trades
1784109600000,64603.6,64781.7,64579.3,64611.6,14.79928259999993,trades
1784113200000,64611.6,64690.9,64578.1,64690.8,14.088083999999998,trades
1784116800000,64690.9,65189.1,64560.0,65109.8,136.78629702000035,trades
1784120400000,65109.8,65495.0,64812.0,65040.7,300.3526114500017,trades
1784124000000,65040.7,65445.9,65016.3,65335.2,98.7172285699997,trades
1784127600000,65335.2,65513.8,65221.4,65369.4,102.32173540999976,trades
1784131200000,65369.4,65394.4,64737.3,65055.0,220.1192156600044,trades
1784134800000,65055.0,65134.3,64912.3,65009.2,84.1587946899999,trades
1784138400000,65009.2,65086.2,64787.1,64805.0,107.00866475999985,trades
1784142000000,64805.6,64959.3,64705.9,64926.0,101.8878749999999,trades
1784145600000,64926.0,65001.0,64877.2,64937.0,17.785852999999953,trades
1784149200000,64937.1,64972.6,64755.7,64787.8,35.642281269999906,trades
1784152800000,64787.9,64914.5,64755.6,64826.0,48.13120137999989,trades
1784156400000,64826.0,64897.3,64667.0,64709.4,84.75874838999994,trades
1784160000000,64709.4,64799.4,64440.9,64545.2,109.35368452999978,trades
1784163600000,64545.2,64770.9,64358.9,64688.5,55.97369394999961,trades
1784167200000,64688.5,64689.5,64535.9,64597.2,7.5813432600000095,trades
1784170800000,64597.2,64692.2,64515.4,64563.5,22.66775611999992,trades
1784174400000,64563.5,64641.4,64491.9,64569.2,18.384999889999925,trades
1784178000000,64569.3,64939.3,64554.0,64869.8,23.22482892999982,trades
1784181600000,64869.8,64914.1,64594.0,64715.4,45.85062659999986,trades
1784185200000,64715.4,64715.4,64050.8,64190.0,117.18179675000005,trades
1784188800000,64190.0,64293.0,63850.0,64075.0,125.69201427999973,trades
1784192400000,64075.0,64119.4,63974.1,64032.1,64.48070798999987,trades
1784196000000,64032.1,64210.7,64032.0,64167.9,30.0292528399999,trades
1784199600000,64168.0,64220.1,64050.3,64204.9,21.768782039999948,trades
1784203200000,64204.9,64204.9,63814.0,63910.0,145.37889496000048,trades
1784206800000,63910.1,64403.8,63910.1,64314.3,175.711356230002,trades
1784210400000,64314.3,64796.0,64266.9,64480.6,111.7082392399999,trades
1784214000000,64480.7,64830.3,64259.2,64656.4,51.03268417999965,trades
1784217600000,64655.4,64667.0,64303.4,64438.5,41.19111629999964,trades
1784221200000,64438.4,64438.4,63957.2,64030.7,98.40017502,trades
1784224800000,64030.8,64268.7,64008.1,64223.5,77.39232832000009,trades
1784228400000,64211.7,64237.5,64106.8,64215.9,40.97006125999987,trades
1784232000000,64216.0,64228.0,64061.9,64096.1,74.16381849999992,trades
1784235600000,64087.1,64188.8,64051.4,64097.6,44.85002735999996,trades
1784239200000,64097.6,64188.7,63903.9,63915.1,35.819901399999885,trades
1784242800000,63915.2,63965.2,63705.1,63789.5,93.28320803000008,trades
1784246400000,63789.6,63860.8,63576.2,63835.2,100.47810436999998,trades
1784250000000,63835.2,64007.5,63420.7,63495.0,105.17254106,trades
1784253600000,63495.1,63600.0,63353.9,63425.0,29.416949859999807,trades
1784257200000,63425.0,63648.7,63425.0,63511.4,14.294767839999922,trades
1784260800000,63511.4,63511.4,63250.0,63416.0,13.1161949499999,trades
1784264400000,63416.1,63416.1,62755.0,62794.3,149.61728535000037,trades
1784268000000,62792.1,62925.6,62660.0,62884.8,62.80808425999976,trades
1784271600000,62884.9,62929.9,62761.3,62777.9,35.743205559999986,trades
1784275200000,62777.9,62856.3,62625.0,62844.1,40.87224027999997,trades
1784278800000,62844.1,62999.2,62809.7,62931.3,31.772489809999897,trades
1784282400000,62931.3,63129.6,62931.2,63125.5,38.18263310999991,trades
1784286000000,63125.5,63327.1,63008.4,63238.0,100.34325858999983,trades
1784289600000,63240.5,63281.8,63027.6,63035.7,38.07597396999985,trades
1784293200000,63035.8,63097.2,62490.0,63071.8,126.21354812999934,trades
1784296800000,63072.8,63444.0,63031.5,63130.6,118.81988685999872,trades
1784300400000,63123.2,63400.0,62818.1,63400.0,95.80162173999948,trades
1784304000000,63400.0,63663.1,63258.7,63552.8,97.22681772999992,trades
1784307600000,63552.8,64172.5,63552.7,64007.7,114.69878618999958,trades
1784311200000,64007.7,64334.3,63849.5,64217.4,102.8877219299993,trades
1784314800000,64217.4,64217.6,63950.0,64102.0,53.222064859999655,trades
1784318400000,64102.0,64148.8,63899.7,64073.0,110.7352446499996,trades
1784322000000,64073.0,64169.5,64021.7,64051.9,19.66542879999993,trades
1784325600000,64044.6,64098.5,63883.6,63929.3,70.33668764999994,trades
1784329200000,63929.3,63959.0,63842.2,63907.0,27.40270285999998,trades
1784332800000,63907.0,63968.6,63847.8,63856.9,71.29053202000001,trades
1784336400000,63857.0,63965.1,63844.7,63917.7,11.328872479999992,trades
1784340000000,63917.8,63972.0,63890.0,63914.1,11.787560499999996,trades
1784343600000,63914.2,63973.8,63900.0,63972.6,22.16437543000005,trades
1784347200000,63972.7,63980.9,63900.0,63923.0,7.382310000000012,trades
1784350800000,63923.1,63955.1,63900.0,63913.7,14.219016719999976,trades
1784354400000,63913.8,63978.5,63909.1,63925.0,20.44933965999996,trades
1784358000000,63925.0,63980.7,63924.9,63975.7,13.544640589999988,trades
1784361600000,63975.7,63980.8,63934.3,63953.3,8.196891750000002,trades
1784365200000,63953.4,63956.4,63900.2,63945.0,10.146143760000012,trades
1784368800000,63945.1,63967.3,63944.2,63964.8,8.994246699999982,trades
1784372400000,63964.7,64038.3,63964.6,64018.9,5.926850849999995,trades
1784376000000,64018.9,64200.0,64018.9,64167.0,65.16209722999986,trades
1784379600000,64167.0,64167.0,63932.7,64058.2,32.647113329999975,trades
1784383200000,64058.2,64151.4,64058.2,64084.5,21.72039826999999,trades
1784386800000,64084.5,64114.7,64002.8,64072.9,18.68420411999995,trades
1784390400000,64073.0,64263.7,64043.3,64244.7,36.952498819999946,trades
1784394000000,64244.7,64447.5,64244.0,64447.5,72.60784271999981,trades
1784397600000,64447.5,64600.0,64424.3,64474.7,80.39138625999995,trades
1784401200000,64474.7,64554.8,64436.2,64528.2,25.800211789999995,trades
1784404800000,64528.2,64693.7,64474.4,64658.0,69.11626890999987,trades
1784408400000,64656.8,64800.0,64578.0,64690.6,40.07193607000001,trades
1784412000000,64689.5,64806.8,64666.5,64778.9,17.558073079999897,trades
1784415600000,64778.9,64796.7,64663.8,64796.7,18.98096414999998,trades
1784419200000,64796.7,64844.0,64702.4,64729.2,37.55502455999995,trades
1784422800000,64729.3,64748.1,64709.3,64730.9,44.56613975999989,trades
1784426400000,64730.1,64928.0,64647.1,64783.7,14.101156339999871,trades
1784430000000,64781.3,64781.3,64596.7,64657.5,58.17425375000001,trades
1784433600000,64657.6,64762.1,64584.3,64676.0,18.77960522999994,trades
1784437200000,64676.0,64760.9,64636.2,64693.2,28.48292348,trades
1784440800000,64693.2,64705.4,64655.9,64667.6,14.26911991,trades
1784444400000,64667.6,64732.5,64641.6,64655.3,9.914500079999982,trades
1784448000000,64658.9,64690.1,64586.2,64653.9,19.564083060000097,trades
1784451600000,64653.9,64674.5,64450.0,64465.1,51.71182437999983,trades
1784455200000,64465.1,64646.7,64450.0,64541.2,20.17353229999994,trades
1784458800000,64541.3,64585.3,64379.5,64418.7,23.78504802999997,trades
1784462400000,64418.8,64419.4,64257.7,64386.5,37.47779885999992,trades
1784466000000,64386.5,64471.2,64256.0,64433.1,30.12015120999985,trades
1784469600000,64433.2,64600.0,64383.3,64549.6,23.454969869999875,trades
1784473200000,64547.4,64576.0,64456.7,64529.6,15.035012319999932,trades
1784476800000,64529.7,64585.2,64474.1,64496.1,15.081166389999916,trades
1784480400000,64496.1,64696.7,64375.7,64508.2,39.02840424999992,trades
1784484000000,64508.2,64508.2,64272.6,64371.3,16.133889429999904,trades
1784487600000,64371.4,64422.4,64323.3,64398.7,10.45211990999998,trades
1784491200000,64398.8,64495.0,64398.7,64486.6,17.196266899999948,trades
1784494800000,64486.6,64500.0,64312.5,64359.8,11.878251840000006,trades
1784498400000,64359.9,64845.6,64308.2,64621.0,60.92005400999966,trades
1784502000000,64621.0,64713.5,64532.5,64678.1,12.452271219999886,trades
1784505600000,64678.1,65045.2,64388.4,64510.9,150.19782614000246,trades
1784509200000,64511.0,64962.6,64463.3,64588.8,71.18289056999963,trades
1784512800000,64588.8,64923.5,64546.8,64796.7,19.895901929999688,trades
1784516400000,64796.8,64853.6,64596.8,64799.9,28.13096411999968,trades
1784520000000,64799.9,64816.6,64478.3,64495.3,30.80370086999981,trades
1784523600000,64495.3,64495.3,64003.6,64084.2,139.27891237000088,trades
1784527200000,64084.3,64163.5,63691.6,63831.7,117.2524798299998,trades
1784530800000,63846.6,64230.9,63832.1,64198.2,63.47922411999997,trades
1784534400000,64198.3,64280.3,63825.0,63991.9,81.3025460500001,trades
1784538000000,63991.9,64210.9,63958.7,64136.8,11.110157769999942,trades
1784541600000,64136.8,64342.0,64100.7,64235.3,35.25749543999997,trades
1784545200000,64235.9,64978.3,64221.5,64935.9,93.24622974000005,trades
1784548800000,64935.9,64946.0,64546.7,64581.8,45.03718185999985,trades
1784552400000,64581.9,64687.3,64150.1,64280.7,82.9332815999995,trades
1784556000000,64280.7,64490.0,64041.6,64354.3,66.94422883999961,trades
1784559600000,64357.4,65600.0,64357.4,65542.5,305.5479290300022,trades
1784563200000,65542.5,65567.2,65297.2,65444.0,171.05198505000118,trades
1784566800000,65444.0,65590.2,65297.2,65539.8,64.62256562999974,trades
1784570400000,65539.8,65757.0,65166.8,65191.7,250.453432370002,trades
1784574000000,65191.7,65221.5,65000.0,65090.7,76.21256956999984,trades
1784577600000,65090.7,65386.3,65015.0,65325.1,44.62689499999993,trades
1784581200000,65325.2,65392.8,65246.7,65246.8,53.52105685999975,trades
1784584800000,65246.8,65246.8,65050.5,65104.6,60.72964301999972,trades
1784588400000,65104.6,65232.2,65092.9,65215.7,16.284301929999913,trades
1784592000000,65215.7,65546.0,65115.2,65533.1,29.41330875999984,trades
1784595600000,65533.1,65600.0,65204.8,65204.8,28.01752599999994,trades
1784599200000,65204.9,65437.9,65135.5,65367.5,10.06772506999996,trades
1784602800000,65367.5,65532.6,65367.5,65531.9,11.831756989999956,trades
1784606400000,65531.9,65683.7,65448.6,65475.6,24.41740604999997,trades
1784610000000,65475.6,65869.0,65449.7,65707.3,33.89215075999981,trades
1784613600000,65707.3,65936.5,65593.2,65879.0,40.65086774000015,trades
1784617200000,65879.0,66183.5,65840.0,66150.0,133.9447410200001,trades
1784620800000,66150.1,66300.0,66100.0,66180.1,78.9113158699999,trades
1784624400000,66180.2,66301.5,66115.4,66236.5,25.623264419999945,trades
1784628000000,66236.6,66386.3,66150.4,66160.4,45.92777295999998,trades
1784631600000,66160.4,66305.0,66100.3,66297.5,26.98068581999995,trades
1784635200000,66297.5,66592.4,66226.5,66503.0,85.92773270000008,trades
1784638800000,66508.9,66744.0,66291.5,66743.7,101.41994954999998,trades
1784642400000,66743.8,66907.3,66607.2,66808.2,143.9061817100024,trades
1784646000000,66808.3,66808.3,66504.4,66653.3,65.29048459999964,trades
1784649600000,66653.3,66725.8,66455.0,66516.9,56.79166289999988,trades
1784653200000,66516.9,66543.3,66123.0,66153.0,125.2222817899995,trades
1784656800000,66153.0,66320.5,66086.6,66259.3,87.38836887999935,trades
1784660400000,66259.3,66471.6,66233.0,66412.9,44.99582743999999,trades
1784664000000,66413.0,66464.8,66328.7,66372.5,82.40117067999982,trades
1784667600000,66372.6,66373.1,66248.9,66338.8,37.47805679999986,trades
1784671200000,66338.9,66348.4,66175.8,66275.3,17.778792779999844,trades
1784674800000,66275.3,66520.4,66196.9,66511.7,76.88541174999996,trades
1784678400000,66511.7,66698.4,66496.1,66590.7,33.86815989999979,trades
1784682000000,66590.6,66612.6,66261.7,66366.2,33.867416279999816,trades
1784685600000,66377.9,66475.8,66256.9,66268.5,18.276449369999906,trades
1784689200000,66268.5,66320.0,66132.7,66164.8,51.428925510000056,trades
1784692800000,66162.4,66375.8,66148.5,66333.3,23.31667889999996,trades
1784696400000,66333.3,66333.3,65904.8,65924.8,69.47927634999988,trades
1784700000000,65938.5,65976.7,65789.1,65893.5,81.80783932999978,trades
1784703600000,65893.5,65930.6,65675.8,65800.1,41.09114551000003,trades
1784707200000,65800.1,66100.0,65800.1,65944.3,26.300440799999848,trades
1784710800000,65944.3,66030.8,65801.7,65880.4,50.38032093999984,trades
1784714400000,65880.4,66057.7,65854.9,66005.1,14.746803219999984,trades
1784718000000,66005.2,66045.6,65863.0,65969.0,18.904930609999983,trades
1784721600000,65969.1,65975.3,65504.5,65592.6,67.88629316999992,trades
1784725200000,65592.6,65930.9,65514.8,65919.4,124.50188961000018,trades
1784728800000,65919.5,66159.3,65555.0,65757.0,84.69613744999997,trades
1784732400000,65757.0,66079.0,65756.9,66014.0,59.030857929999925,trades
1784736000000,66014.1,66351.2,65905.0,66209.4,67.88018389000004,trades
1784739600000,66210.4,66255.9,65905.7,66000.4,64.83717236999975,trades
1784743200000,65994.3,66044.7,65705.4,65867.2,89.19884322999972,trades
1784746800000,65867.2,65925.8,65675.9,65900.6,50.639331549999895,trades
1784750400000,65888.2,65950.0,65775.8,65882.0,73.50102188999988,trades
1784754000000,65882.0,66099.9,65868.5,66036.0,25.349668950000023,trades
1784757600000,66036.0,66048.9,65907.7,66007.2,17.759770269999972,trades
1784761200000,66007.3,66090.0,65825.8,66072.5,23.83993212999999,trades
1784764800000,66072.4,66275.8,66025.8,66027.5,34.40415269999988,trades
1784768400000,66027.5,66170.4,65712.8,65797.9,31.74622061999988,trades
1784772000000,65796.8,65809.3,65625.9,65776.2,34.96354727999995,trades
1784775600000,65774.0,65774.6,65546.3,65621.1,46.2556510899999,trades
1784779200000,65621.2,65702.8,65551.6,65561.0,45.3254559,trades
1784782800000,65561.0,65765.1,65550.0,65657.3,52.94628713999988,trades
1784786400000,65657.4,65771.5,65600.0,65754.6,12.829300919999936,trades
1784790000000,65754.6,65754.6,65287.2,65404.8,94.40741087999984,trades
1784793600000,65404.9,65625.4,65374.7,65613.3,16.442355579999916,trades
1784797200000,65605.7,65709.0,65567.6,65599.9,16.318555879999977,trades
1784800800000,65599.9,65749.9,65559.2,65693.0,18.29294046999996,trades
1784804400000,65693.1,65705.7,65508.7,65522.0,29.78360305000001,trades
1784808000000,65522.0,65557.3,64938.4,65125.7,175.47170125000068,trades
1784811600000,65125.8,65187.9,64827.9,64834.3,177.72384184000094,trades
1784815200000,64834.3,65172.8,64773.0,64862.2,85.61810457999933,trades
1784818800000,64862.2,64976.8,64682.6,64907.8,82.25992167999995,trades
1784822400000,64907.8,64907.8,64663.4,64720.0,61.85647943000004,trades
1784826000000,64701.8,64824.9,64603.4,64620.2,61.88168481999984,trades
1784829600000,64620.2,64890.5,64613.9,64809.0,64.74068504999997,trades
1784833200000,64809.1,64874.9,64650.1,64810.0,61.12648081000005,trades
1784836800000,64801.7,65143.3,64790.0,65092.6,83.06068832999985,trades
1784840400000,65092.6,65157.8,64970.0,65109.8,38.68459459,trades
1784844000000,65109.8,65173.3,64970.2,65146.0,67.83597472000051,trades
1784847600000,65146.0,65170.4,65013.8,65050.1,33.90579688999987,trades
1784851200000,65052.4,65054.0,64709.4,64929.0,42.41804892999976,trades
1784854800000,64929.0,65103.1,64899.2,65036.2,27.7003703499998,trades
1784858400000,65031.3,65126.6,64864.9,65068.1,30.86193063999996,trades
1784862000000,65066.2,65410.7,65039.2,65404.0,28.83586977999979,trades
1784865600000,65404.0,65409.3,65218.1,65261.3,42.09967920999983,trades
1784869200000,65261.4,65333.7,65215.0,65250.5,16.017260579999974,trades
1784872800000,65256.1,65455.6,65229.3,65426.4,37.13885444000002,trades
1784876400000,65426.3,65766.9,65330.1,65453.5,85.09557116000038,trades
1784880000000,65453.5,65453.5,65275.9,65275.9,13.784660029999936,trades
1784883600000,65275.9,65275.9,64916.8,65061.6,41.18895452999991,trades
1784887200000,65061.7,65094.0,64865.4,64901.1,12.936056129999974,trades
1784890800000,64904.5,65044.2,64807.4,65021.9,26.036443159999905,trades
1784894400000,65021.9,65072.6,64720.1,64720.5,51.78565413999981,trades
1784898000000,64720.5,64720.5,63874.5,64082.2,237.33151725000235,trades
1784901600000,64084.3,64136.9,63657.0,63988.2,207.47120844000435,trades
1784905200000,63988.3,64249.5,63788.2,64026.3,134.055666460001,trades
1784908800000,64026.4,64136.7,63818.4,63903.6,93.19312307000034,trades
1784912400000,63903.6,64144.5,63852.5,64127.8,99.59896307999996,trades
1784916000000,64127.9,64226.3,64075.4,64220.1,30.562955359999844,trades
1784919600000,64220.1,64233.9,64084.1,64171.6,38.46638612999976,trades
1784923200000,64163.3,64200.0,64061.9,64109.6,51.15042874999995,trades
1784926800000,64109.6,64156.3,64075.0,64078.0,15.013753229999985,trades
1784930400000,64078.1,64160.0,64075.0,64112.4,18.444291159999977,trades
1784934000000,64112.4,64126.9,64075.0,64087.8,24.78816077999994,trades
1784937600000,64088.2,64111.3,63981.3,64012.4,10.278734899999984,trades
1784941200000,64012.5,64096.4,63942.2,64008.7,10.972655349999954,trades
1784944800000,64006.5,64037.5,63953.5,63969.1,13.15136140999994,trades
1784948400000,63977.2,64041.6,63955.4,64025.8,4.517066080000002,trades
1784952000000,64025.8,64135.3,64025.7,64114.6,7.845740810000004,trades
1784955600000,64118.7,64137.4,63931.3,63967.8,30.583320379999943,trades
1784959200000,63967.8,64005.0,63901.0,63948.0,8.690762689999966,trades
1784962800000,63948.0,63971.8,63941.2,63965.1,3.8687298699999983,trades
1784966400000,63965.1,63965.1,63760.0,63800.9,9.795581069999974,trades
1784970000000,63808.2,63965.0,63767.9,63927.3,11.535933119999989,trades
1784973600000,63927.3,64003.1,63927.3,64002.8,3.779714130000001,trades
1784977200000,64002.9,64048.7,63982.2,63991.5,9.468916129999986,trades
1784980800000,63991.5,64055.0,63972.8,64054.9,9.196329339999986,trades
1784984400000,64055.0,64187.8,64052.9,64106.2,14.127329259999977,trades
1784988000000,64106.3,64156.0,64056.9,64156.0,11.77280029999998,trades
1784991600000,64156.0,64200.0,64118.0,64127.1,22.97536331999997,trades
1784995200000,64127.2,64183.5,64064.4,64150.0,24.47958873999996,trades
1784998800000,64150.0,64286.0,64130.6,64191.5,34.49993638999997,trades
1785002400000,64191.6,64375.1,64191.6,64350.8,28.788268129999764,trades
1785006000000,64352.8,64379.7,64327.3,64328.5,16.409690500000004,trades
1785009600000,64328.6,64339.8,64247.7,64270.3,17.290750309999968,trades
1785013200000,64270.4,64361.7,64209.3,64286.2,13.645008899999988,trades
1785016800000,64286.2,64368.0,64286.1,64355.5,8.482192419999995,trades
1785020400000,64355.6,64368.0,64296.5,64312.9,8.513190509999998,trades
1785024000000,64312.9,64446.0,64280.7,64434.9,12.742775779999992,trades
1785027600000,64435.0,64461.0,64395.9,64396.0,7.013594599999993,trades
1785031200000,64396.1,64457.6,64368.8,64450.0,15.462657989999942,trades
1785034800000,64450.0,64500.0,64420.3,64481.8,23.796695749999923,trades
1785038400000,64481.9,64525.4,64440.5,64477.8,11.842577389999995,trades
1785042000000,64468.0,64468.0,64345.3,64358.6,30.14574794000016,trades
1785045600000,64358.6,64396.8,64230.9,64380.8,24.63922790999994,trades
1785049200000,64380.8,64400.0,64290.7,64310.2,10.124762909999994,trades
1785052800000,64310.2,64433.2,64269.0,64419.3,32.153740639999654,trades
1785056400000,64419.4,64496.9,64419.3,64483.0,6.378727610000002,trades
1785060000000,64483.1,64499.0,64434.1,64461.9,10.286157429999978,trades
1785063600000,64462.0,64462.0,64451.0,64451.2,2.5494026700000005,trades
1785067200000,64451.2,64595.9,64400.0,64424.8,22.225973919999934,trades
1785070800000,64424.8,64500.0,64378.0,64458.4,35.37744219000006,trades
1785074400000,64458.4,64699.0,64458.3,64658.8,32.91943793999989,trades
1785078000000,64657.2,64750.0,64615.7,64718.6,30.83508720999991,trades
1785081600000,64718.6,64861.3,64646.3,64672.5,15.320244879999944,trades
1785085200000,64672.9,64739.7,64616.0,64620.0,52.88876529000012,trades
1785088800000,64620.0,64702.4,64613.3,64691.1,9.144284569999988,trades
1785092400000,64691.1,64697.0,64626.0,64640.6,6.61981616999999,trades
1785096000000,64640.6,64640.6,64581.8,64595.0,10.271438369999982,trades
1785099600000,64595.2,64849.9,64595.1,64784.7,21.35189659999992,trades
1785103200000,64784.7,65432.7,64784.7,65346.7,139.6604366300007,trades
1785106800000,65349.7,65500.0,65223.2,65336.6,51.178026469999736,trades
1785110400000,65336.6,65368.8,65004.6,65057.3,44.25009113999984,trades
1785114000000,65068.9,65150.0,64853.6,65139.9,51.551349379999984,trades
1785117600000,65139.9,65212.0,65055.2,65117.5,17.28120648999991,trades
1785121200000,65116.8,65295.6,65106.2,65221.7,15.152285979999917,trades
1785124800000,65221.7,65420.0,65187.2,65240.2,22.40783316999987,trades
1785128400000,65240.2,65424.2,65230.1,65406.9,9.08690433999998,trades
1785132000000,65406.9,65682.6,65358.7,65369.5,29.878930319999736,trades
1785135600000,65369.0,65391.0,65149.9,65164.1,43.81188205999992,trades
1785139200000,65164.1,65202.9,65075.0,65102.7,35.086464499999934,trades
1785142800000,65101.4,65285.1,65051.0,65207.0,23.98354526999997,trades
1785146400000,65205.1,65357.0,65174.0,65278.2,18.53036573999998,trades
1785150000000,65278.2,65278.2,65048.5,65054.7,7.926568479999994,trades
1785153600000,65048.6,65199.9,64800.0,65010.0,42.18801130999983,trades
1785157200000,65013.5,65629.3,64850.1,65157.2,104.87304518999994,trades
1785160800000,65148.5,65362.2,64403.8,64615.4,261.47192729000267,trades
1785164400000,64615.4,64698.3,64252.9,64482.4,335.9904990299977,trades
1785168000000,64482.4,64889.3,64450.0,64831.3,88.76131914000028,trades
1785171600000,64831.4,65009.4,64729.1,64953.6,31.657868589999783,trades
1785175200000,64953.6,64994.0,64686.9,64799.3,89.65223853000016,trades
1785178800000,64799.3,65000.0,64745.1,64902.9,33.52583973999993,trades
1785182400000,64909.3,64986.9,64838.8,64898.3,42.26425566999993,trades
1785186000000,64898.3,64898.3,64745.0,64746.7,13.859597799999973,trades
1785189600000,64746.7,64746.7,63750.0,63750.0,222.9046517800019,trades
1785193200000,63750.1,63882.4,63550.0,63697.1,108.37975904999983,trades
1785196800000,63697.1,63762.6,63417.4,63418.8,81.3651094500005,trades
1785200400000,63418.8,63470.8,63008.0,63164.5,116.99952991999908,trades
1785204000000,63166.6,63237.0,63055.7,63117.6,47.69196302999983,trades
1785207600000,63117.6,63309.4,63102.4,63274.6,29.012371909999903,trades
1785211200000,63281.1,63296.7,63156.6,63272.4,27.82225161999998,trades
1785214800000,63286.5,63542.5,63270.0,63400.1,46.13140486000007,trades
1785218400000,63400.1,63567.0,63330.3,63566.9,33.79976126999988,trades
1785222000000,63566.8,63578.5,63382.5,63434.9,22.30429481999989,trades
1785225600000,63435.0,63463.2,63333.0,63354.0,19.058856989999867,trades
1785229200000,63354.1,63500.8,63300.1,63328.2,13.405864449999962,trades
1785232800000,63328.3,63483.2,63222.1,63402.9,31.66686152999994,trades
1785236400000,63402.9,63529.6,63297.8,63412.2,35.51629721999991,trades
1785240000000,63399.7,63496.5,63318.4,63475.3,24.50290567,trades
1785243600000,63475.3,63515.0,62684.4,63033.8,190.95631061000248,trades
1785247200000,63029.4,63460.2,62883.8,63337.3,76.35600978000076,trades
1785250800000,63335.8,63938.9,63184.6,63858.9,121.12378546000014,trades
1785254400000,63858.9,64018.6,63705.3,63969.9,65.93301904999967,trades
1785258000000,63969.9,63969.9,63437.4,63608.7,46.49444307999973,trades
1785261600000,63608.8,63778.2,63603.3,63662.8,27.73464504999992,trades
1785265200000,63660.1,63808.2,63600.0,63801.5,39.83271591,trades
1785268800000,63813.3,63929.7,63795.8,63830.6,27.939716479999973,trades
1785272400000,63830.6,63980.0,63810.1,63899.3,20.189576419999945,trades
1785276000000,63892.4,63942.4,63689.8,63707.3,30.506589569999942,trades
1785279600000,63701.2,63871.5,63500.0,63859.6,40.25593217000004,trades
1785283200000,63844.5,64094.8,63787.5,63874.7,44.77530284999976,trades
1785286800000,63871.3,63921.8,63620.4,63627.9,20.865637129999865,trades
1785290400000,63632.6,64024.3,63567.4,63880.1,19.24698976999986,trades
1785294000000,63893.7,63900.6,63635.7,63657.0,10.243937239999951,trades
1785297600000,63662.0,63883.3,63514.2,63883.2,17.002765749999917,trades
1785301200000,63883.3,63995.5,63812.7,63979.6,25.85265329999997,trades
1785304800000,63979.6,64365.2,63943.2,64342.9,49.07735080999976,trades
1785308400000,64342.9,64481.2,64315.8,64481.2,42.73763307000004,trades
1785312000000,64481.2,64490.6,64200.5,64330.9,24.460774510000025,trades
1785315600000,64332.0,64643.8,64303.3,64614.9,37.040596820000005,trades
1785319200000,64614.9,64627.0,64332.9,64393.7,24.527999619999967,trades
1785322800000,64393.7,64514.5,64346.3,64424.9,13.835844879999977,trades
1785326400000,64425.0,64434.1,64157.0,64200.0,53.560095419999925,trades
1785330000000,64200.0,64581.8,64064.9,64581.8,101.81217745999857,trades
1785333600000,64581.8,64631.2,63983.5,64021.4,92.8801607200002,trades
1785337200000,64017.9,64101.0,63800.7,63881.9,56.39104163999971,trades
1785340800000,63881.9,64035.0,63551.7,63725.0,51.69514274999974,trades
1785344400000,63725.0,64178.0,63634.7,64178.0,69.95360198999967,trades
1785348000000,64180.1,64582.2,63700.0,64424.8,162.08906650000455,trades
1785351600000,64429.6,64516.3,63450.0,63514.9,172.48422289000166,trades
1785355200000,63525.4,63650.9,63300.1,63444.2,65.66957893999958,trades
1785358800000,63437.7,63766.8,63208.4,63766.8,60.07597005999976,trades
1785362400000,63768.5,64041.6,63768.5,63859.2,61.87688136999962,trades
1785366000000,63859.2,63988.2,63817.9,63901.0,20.192771129999908,trades
1785369600000,63901.0,64024.9,63536.5,63611.7,72.48193980000006,trades
1785373200000,63611.2,64288.4,63611.2,64172.4,52.82316098999996,trades
1785376800000,64180.5,64314.3,64082.1,64097.6,14.258012249999856,trades
1785380400000,64097.6,64200.0,64052.0,64078.6,23.038005560000165,trades
1785384000000,64078.7,64095.1,63916.9,63935.8,26.055606339999937,trades
1785387600000,63935.9,64069.7,63829.4,63952.8,13.742875249999912,trades
1785391200000,63952.8,63996.3,63873.8,63920.3,8.529000990000016,trades
1785394800000,63920.4,64059.8,63871.8,63906.4,29.02196950000004,trades
1785398400000,63912.1,64252.9,63889.2,64209.1,34.92781759000006,trades
1785402000000,64209.1,64535.5,64184.8,64476.4,63.11321358999975,trades
1785405600000,64476.5,64532.9,64474.0,64486.0,13.662696079999971,trades
1785409200000,64486.0,64779.9,64451.1,64695.4,67.8136212100003,trades
1785412800000,64695.5,64924.3,64695.5,64842.9,62.063006449999776,trades
1785416400000,64842.9,65078.5,64613.1,64972.4,164.52723312000148,trades
1785420000000,64972.4,64972.4,64546.8,64617.8,105.39769264000046,trades
1785423600000,64617.8,64809.7,64533.2,64659.7,37.05361781999982,trades
1785427200000,64659.8,64894.1,64652.9,64758.1,63.51904111,trades
1785430800000,64758.2,64915.2,64704.4,64811.0,49.36395052999997,trades
1785434400000,64811.0,64830.0,64616.6,64638.7,31.10418066999996,trades
1785438000000,64638.8,64852.7,64637.7,64742.9,43.332689999999936,trades
1785441600000,64742.9,64875.0,64704.4,64711.8,38.452619279999766,trades
1785445200000,64710.1,64744.7,64646.5,64669.7,29.91617888000013,trades
1785448800000,64669.7,64947.3,64614.9,64787.9,60.47619438999989,trades
1785452400000,64787.9,65000.0,64681.7,64723.0,49.263687429999706,trades
1785456000000,64723.0,64839.9,64625.5,64666.8,29.93548108000006,trades
1785459600000,64666.8,65369.8,64436.0,64502.9,246.7815066300042,trades
1785463200000,64502.9,64524.6,64158.7,64221.5,162.61254057000215,trades
1785466800000,64221.5,64367.1,64121.7,64299.3,60.8592459999996,trades
1785470400000,64299.3,64367.2,64175.0,64235.6,23.533714000000007,trades
1785474000000,64235.6,64347.9,64214.5,64304.8,15.841109119999926,trades
1785477600000,64304.8,64436.9,64149.3,64192.4,11.439551260000004,trades
1785481200000,64171.5,64178.9,63820.8,63890.4,103.96434334000053,trades
1785484800000,63890.4,63907.9,63750.7,63770.0,37.82262251999988,trades
1785488400000,63770.1,63776.0,63600.0,63646.2,67.39646868000014,trades
1785492000000,63646.2,63882.9,63560.0,63851.7,70.06626673000017,trades
1785495600000,63851.7,63940.3,63718.5,63732.6,55.68247839999993,trades
1785499200000,63732.7,63762.0,63548.1,63680.0,74.27762084000028,trades
1785502800000,63680.0,63766.4,63200.0,63204.1,198.4927748800026,trades
1785506400000,63204.1,63243.0,62344.0,62605.7,339.78899103999925,trades
1785510000000,62605.8,62676.1,62400.0,62643.0,217.4246688300029,trades
1785513600000,62643.1,62861.4,62602.7,62803.4,56.3280863299996,trades
1785517200000,62803.4,63225.4,62756.0,63190.1,193.8146592900013,trades
1785520800000,63190.1,63219.0,62892.1,63027.2,56.446025300000095,trades
1785524400000,63027.2,63095.0,62865.1,62895.3,95.23339134000094,trades
1785528000000,62906.5,62969.0,62868.4,62890.9,43.00272673999997,trades
1785531600000,62890.9,62987.6,62780.0,62892.1,31.723080059999937,trades
1785535200000,62892.1,62963.1,62814.2,62887.4,49.35720061000002,trades
1785538800000,62887.4,62960.2,62800.1,62822.0,26.650953469999948,trades
1785542400000,62821.8,62964.0,62821.4,62877.9,16.76991806999992,trades
1785546000000,62877.9,62931.5,62853.6,62899.4,15.34803261999995,trades
1785549600000,62906.0,63042.1,62906.0,63004.5,8.075707780000002,trades
1785553200000,63003.2,63015.7,62915.6,62942.3,13.337427649999976,trades
1785556800000,62942.6,63037.5,62934.0,63037.1,4.257260529999999,trades
1785560400000,63037.1,63075.2,62934.0,62974.4,10.684770699999996,trades
1785564000000,62970.1,63020.6,62931.3,63018.0,13.643009099999974,trades
1785567600000,63018.0,63049.8,62990.0,62990.1,14.689292399999983,trades
1785571200000,62990.1,63091.0,62990.0,63088.4,10.231731849999983,trades
1785574800000,63085.1,63085.1,62990.1,63002.0,13.430010339999953,trades
1785578400000,63002.1,63045.9,62926.3,62998.9,11.956328489999976,trades
1785582000000,62999.6,63022.0,62988.9,63016.2,10.825083869999974,trades
1785585600000,63016.2,63060.0,63016.2,63041.6,19.56329602999996,trades
1785589200000,63041.6,63044.8,62988.7,63008.9,8.671328999999998,trades
1785592800000,63008.9,63057.0,63008.8,63047.1,10.097625019999969,trades
1785596400000,63050.0,63050.0,62956.1,62956.1,32.669255980000045,trades
1785600000000,62956.2,62959.2,62803.6,62857.4,43.21949830999981,trades
1785603600000,62857.4,62937.2,62618.0,62640.2,69.02300475000014,trades
1785607200000,62640.2,62678.1,62200.5,62521.7,98.61658951000052,trades
1785610800000,62521.7,62568.0,62406.3,62477.9,35.519231639999816,trades
1785614400000,62478.0,62617.7,62428.7,62607.8,19.833420050000026,trades
1785618000000,62607.8,62793.6,62607.8,62759.0,18.00848870999999,trades
1785621600000,62758.9,62801.2,62736.1,62775.1,8.47961417999999,trades
1785625200000,62775.1,62788.0,62713.8,62760.0,14.67656209999995,trades
1785628800000,62760.0,62906.7,62740.2,62762.8,119.37707500000086,trades
1785632400000,62762.9,63000.0,62762.9,62920.1,98.07750597999886,trades
1785636000000,62920.1,63500.0,62887.0,63377.8,126.24015731000073,trades
1785639600000,63377.9,63469.1,63308.0,63392.7,19.280213829999937,trades
1785643200000,63392.7,63541.0,63392.7,63514.8,33.72968544999997,trades
1785646800000,63514.8,63554.4,63348.3,63386.5,12.272935389999988,trades
1785650400000,63386.5,63435.0,63364.7,63421.2,13.557657649999948,trades
1785654000000,63421.2,63474.1,63414.5,63427.4,16.00824652999997,trades
1785657600000,63427.5,63451.6,63117.8,63117.8,25.29543718,trades
1785661200000,63117.9,63249.3,63036.1,63202.8,7.902653260000005,trades
1785664800000,63202.7,63210.0,63052.0,63127.3,18.37446610999997,trades
1785668400000,63127.3,63140.8,62916.1,62965.8,28.94852500999996,trades
1785672000000,62965.8,63155.8,62965.8,63059.3,9.667715619999973,trades
1785675600000,63059.9,63083.7,62932.7,63047.1,52.98328833999997,trades
1785679200000,63047.1,63113.7,62993.0,63004.1,15.28681917999997,trades
1785682800000,63004.2,63090.9,62983.3,63046.2,19.610593929999983,trades
1785686400000,63046.2,63190.3,63000.0,63111.0,19.358718339999992,trades
1785690000000,63111.1,63270.0,63084.9,63236.0,27.005572349999944,trades
1785693600000,63236.0,63521.0,63215.6,63311.9,77.18344376000006,trades
1785697200000,63311.9,63407.9,63256.8,63378.1,21.439734700000027,trades
1785700800000,63378.1,63435.2,63332.1,63427.2,15.097225659999904,trades
1785704400000,63427.2,63696.8,63405.3,63500.9,48.56512730000015,trades
1785708000000,63501.0,63712.1,63290.0,63351.4,34.42018828000003,trades
1785711600000,63351.3,63516.6,63277.8,63500.0,14.262417539999989,trades
1785715200000,63500.0,63513.4,63150.0,63243.8,55.77486724999987,trades
1785718800000,63243.8,63285.7,63042.8,63127.1,18.854688829999944,trades
1785722400000,63127.2,63190.0,63027.7,63063.8,6.392490090000013,trades
1785726000000,63063.7,63083.5,62719.9,62793.4,30.650942510000007,trades
1785729600000,62793.4,62916.2,62719.9,62720.0,26.64473999999998,trades
1785733200000,62720.0,62794.8,62695.8,62743.3,48.53717459999988,trades
1785736800000,62743.4,62782.6,62558.6,62558.6,42.82638754999999,trades
1785740400000,62558.7,62618.0,62480.0,62531.0,28.11618081999995,trades
1785744000000,62531.2,62568.1,62218.4,62451.6,58.92443398000025,trades
1785747600000,62451.6,62771.1,62444.6,62755.1,22.726932809999965,trades
1785751200000,62754.0,62771.1,62542.2,62662.2,25.24920157,trades
1785754800000,62662.2,62690.1,62468.4,62469.0,14.841334159999922,trades
1785758400000,62480.4,62707.6,62363.8,62626.5,86.68413176000041,trades
1785762000000,62626.5,63300.0,62500.1,63258.8,148.8700629500001,trades
1785765600000,63258.8,63904.1,63061.5,63887.4,171.7610106900027,trades
1785769200000,63887.4,63904.1,63571.2,63603.3,183.68051175000352,trades
1785772800000,63619.5,63877.5,63598.0,63704.0,95.28470745000044,trades
1785776400000,63705.1,63980.1,63653.2,63848.4,95.56310087000011,trades
1785780000000,63848.4,63927.9,63704.1,63807.2,53.91547612999993,trades
1785783600000,63807.2,64008.2,63784.8,63813.4,106.88480164000038,trades
1785787200000,63808.5,63953.1,63711.3,63735.9,74.77909955000027,trades
1785790800000,63735.9,63735.9,63497.4,63542.9,36.64261881999992,trades
1785794400000,63535.0,63600.0,63346.1,63550.9,35.982461270000044,trades
1785798000000,63551.0,63557.2,63401.8,63461.7,122.04346524000032,trades
1785801600000,63461.8,63525.2,63270.3,63288.9,90.02616855000066,trades
1785805200000,63289.0,63849.8,63288.9,63776.2,50.78913678999983,trades
1785808800000,63776.3,63888.1,63617.6,63760.5,25.273631669999947,trades
1785812400000,63760.5,63791.3,63595.2,63735.8,7.940793640000002,trades
1785816000000,63733.9,64183.5,63695.0,63975.9,48.710352219999976,trades
1785819600000,63975.9,64000.8,63739.7,63743.2,20.51657377,trades
1785823200000,63749.3,63792.9,63600.4,63610.6,17.68873212999995,trades
1785826800000,63610.6,63692.2,63452.7,63627.7,23.172157509999952,trades
1785830400000,63627.7,63681.9,63503.8,63521.3,15.887876229999982,trades
1785834000000,63521.3,63543.0,63450.0,63523.8,25.749134299999945,trades
1785837600000,63523.9,63769.6,63400.0,63697.7,32.18307473999995,trades
1785841200000,63697.8,63892.0,63646.5,63861.1,27.290664899999985,trades
1785844800000,63861.1,63971.0,63728.5,63845.7,81.58561647999996,trades
1785848400000,63836.8,64018.6,63597.5,63610.8,192.81059122000403,trades
1785852000000,63616.6,64126.2,63551.8,64075.6,96.90466179000012,trades
1785855600000,64067.1,64159.9,63765.6,64080.1,71.66774593000008,trades
1785859200000,64080.1,64080.1,63860.4,63899.7,45.70635307999991,trades
1785862800000,63899.7,64120.0,63843.7,63930.3,37.99940683999984,trades
1785866400000,63930.3,64370.0,63930.2,64255.6,78.5980229999999,trades
1785870000000,64255.7,64349.0,64167.5,64181.8,116.54651467000014,trades
1785873600000,64175.7,64350.0,63936.3,64297.9,100.01317179000009,trades
1785877200000,64297.9,64297.9,64128.1,64149.8,22.301247829999976,trades
1785880800000,64149.9,64253.9,64093.3,64220.0,23.859874009999945,trades
1785884400000,64220.0,64464.9,64041.6,64053.7,37.166244860000056,trades
1785888000000,64053.7,64135.7,63936.1,63941.1,39.47872558999993,trades
1785891600000,63941.1,64288.0,63901.1,64276.8,12.993647609999975,trades
1785895200000,64276.9,64442.4,64276.8,64314.5,31.616208029999942,trades
1785898800000,64314.5,64391.6,64003.2,64126.8,25.01453495999994,trades
1785902400000,64126.8,64160.2,64045.3,64115.7,14.97050469999994,trades
1785906000000,64115.7,64472.8,64115.6,64275.8,29.356453519999977,trades
1785909600000,64275.8,64317.9,64186.0,64199.9,9.97842970999998,trades
1785913200000,64199.9,64223.3,63952.9,64105.0,22.001509309999943,trades
1785916800000,64105.9,64229.7,64050.3,64063.0,18.11311426999997,trades
1785920400000,64063.0,64147.6,64056.6,64096.6,6.655185800000004,trades
1785924000000,64096.7,64173.4,63969.0,64004.3,15.30991996999992,trades
1785927600000,64004.3,64075.0,63991.0,64015.2,22.207470819999934,trades
1785931200000,64015.3,64500.0,63998.2,64277.8,85.73509542000077,trades
1785934800000,64272.3,64349.6,63823.0,64349.6,108.47409298000044,trades
1785938400000,64349.6,64511.8,64246.1,64429.0,95.67859555000076,trades
1785942000000,64429.0,64695.4,64332.2,64332.3,102.28328058000028,trades
1785945600000,64332.3,64700.0,64332.3,64606.9,53.29435606999986,trades
1785949200000,64607.0,64719.0,64484.1,64711.8,53.78058380999982,trades
1785952800000,64711.8,64770.0,64604.3,64745.8,187.9340404800008,trades
1785956400000,64745.8,64882.8,64730.5,64790.9,133.3324960100004,trades
1785960000000,64791.0,64954.6,64754.0,64781.8,85.37530762000013,trades
1785963600000,64778.6,64781.1,64604.0,64675.2,49.26057529000008,trades
1785967200000,64675.2,64722.7,64590.0,64590.1,29.97490940000005,trades
1785970800000,64590.1,64692.1,64527.5,64599.2,17.451936289999942,trades
1785974400000,64599.3,64647.2,64512.1,64595.5,17.164211049999928,trades
1785978000000,64595.5,64602.1,64442.5,64526.1,27.19033763999996,trades
1785981600000,64526.1,64584.5,64372.6,64515.3,28.28096944999993,trades
1785985200000,64515.4,64515.4,64427.9,64460.3,7.785923680000014,trades
1785988800000,64460.9,64668.8,64436.0,64668.4,12.022238789999951,trades
1785992400000,64668.4,64936.4,64668.4,64838.9,88.81858553999996,trades
1785996000000,64839.1,64848.2,64683.7,64782.9,8.269064920000014,trades
1785999600000,64783.0,64879.3,64725.0,64756.5,17.054994479999994,trades
1786003200000,64756.5,64915.8,64689.7,64875.9,18.095904659999977,trades
1786006800000,64876.0,64876.0,64572.0,64613.0,19.12076039999997,trades
1786010400000,64613.1,64621.8,64523.1,64548.3,12.323441,trades
1786014000000,64549.0,64582.8,64440.5,64535.0,28.649477989999976,trades
1786017600000,64535.0,64567.2,64324.3,64360.3,24.158986339999966,trades
1786021200000,64360.4,64444.9,64100.9,64363.7,138.94301513000153,trades
1786024800000,64363.7,64760.7,64288.7,64707.0,127.11985951000038,trades
1786028400000,64707.0,64929.4,64566.6,64573.6,67.9948564700002,trades
1786032000000,64573.6,64715.3,64535.3,64675.9,34.99548381999993,trades
1786035600000,64676.0,64769.5,64484.6,64557.2,57.67163638000012,trades
1786039200000,64557.3,64557.3,64326.6,64358.1,39.48174314999999,trades
1786042800000,64357.1,64411.9,64318.9,64401.7,36.06172711999997,trades
1786046400000,64401.7,64475.6,64390.0,64391.2,114.24406210000043,trades
1786050000000,64391.2,64461.9,64355.1,64386.7,17.431366029999978,trades
1786053600000,64386.7,64403.4,64270.6,64300.1,26.27415324000009,trades
1786057200000,64300.1,64308.2,64134.0,64259.2,15.960548519999971,trades
1786060800000,64267.1,64340.0,64168.0,64258.0,15.828306919999909,trades
1786064400000,64258.0,64412.5,64236.0,64363.6,26.596046079999955,trades
1786068000000,64363.7,64469.0,64207.2,64356.1,24.16489336999998,trades
1786071600000,64356.1,64356.1,64215.7,64230.3,7.38705020000002,trades
1786075200000,64230.4,64300.0,64114.3,64190.6,10.613686939999962,trades
1786078800000,64190.7,64326.1,64119.5,64281.2,5.325517330000002,trades
1786082400000,64280.1,64400.0,64230.6,64248.3,10.26738637999999,trades
1786086000000,64248.3,64366.9,64208.5,64269.5,19.74506563,trades
1786089600000,64269.5,64610.0,64250.1,64544.9,40.44714279000005,trades
1786093200000,64545.0,64894.3,64545.0,64786.1,36.60565011000001,trades
1786096800000,64786.1,64845.5,64722.5,64827.8,178.78149156999987,trades
1786100400000,64827.9,65148.1,64827.9,64974.0,126.4836796400002,trades
1786104000000,64974.0,65322.2,64950.0,65236.2,145.86189641000104,trades
1786107600000,65236.3,65289.1,64950.0,64950.3,80.02114932000008,trades
1786111200000,64950.4,65216.0,64747.2,64902.8,90.12671711000031,trades
1786114800000,64904.1,65076.9,64845.6,64860.4,77.90207027000014,trades
1786118400000,64860.5,65029.9,64742.0,64742.6,59.02894623999992,trades
1786122000000,64742.6,64774.3,64479.4,64715.1,71.67460584999996,trades
1786125600000,64715.1,64828.8,64638.0,64671.5,60.29527263999994,trades
1786129200000,64674.5,64975.2,64674.5,64914.0,56.07921047,trades
1786132800000,64914.2,64987.7,64905.1,64930.9,24.703850210000013,trades
1786136400000,64931.4,65043.6,64901.0,64901.0,119.55267734000026,trades
1786140000000,64901.1,64913.9,64811.0,64846.4,32.90414378999991,trades
1786143600000,64846.4,64887.2,64845.1,64886.1,8.367323869999991,trades
1786147200000,64886.2,64921.4,64800.0,64884.6,16.287370859999964,trades
1786150800000,64886.4,64928.3,64858.2,64877.7,36.80089237999994,trades
1786154400000,64877.8,64923.7,64862.0,64886.4,3.5692153199999934,trades
1786158000000,64886.4,65000.0,64874.9,64980.1,70.86772685000015,trades
1786161600000,64980.1,65000.0,64926.9,64963.0,22.19558736,trades
1786165200000,64963.0,64985.0,64950.1,64959.6,5.41903143,trades
1786168800000,64959.6,64969.0,64923.2,64965.8,11.736282929999998,trades
1786172400000,64965.8,64967.6,64913.9,64914.0,3.5385444500000034,trades
1786176000000,64914.0,64957.9,64913.9,64956.2,8.906205190000007,trades
1786179600000,64956.2,65000.0,64956.1,64957.1,4.451925310000004,trades
1786183200000,64957.1,64980.0,64957.0,64974.5,2.534178810000001,trades
1786186800000,64974.5,64974.5,64908.9,64919.1,9.708984249999997,trades
1786190400000,64919.1,64996.6,64878.2,64963.6,6.990652169999999,trades
1786194000000,64963.7,64981.6,64960.4,64974.3,8.348941709999995,trades
1786197600000,64974.3,65141.9,64974.2,65081.5,69.9110309400004,trades
1786201200000,65081.6,65109.2,65011.1,65049.9,16.21599614999995,trades
1786204800000,65049.9,65077.3,64991.5,65036.4,23.645512470000032,trades
1786208400000,65036.4,65093.3,65032.3,65072.3,24.135960919999988,trades
1786212000000,65072.3,65082.6,64980.1,64994.4,18.49943875999997,trades
1786215600000,64994.5,65032.0,64969.1,65032.0,5.963982220000009,trades
1786219200000,65032.0,65032.1,65021.2,65025.5,4.852992250000001,trades
1786222800000,65025.5,65030.7,64959.2,64963.3,8.231376399999998,trades
1786226400000,64963.3,64985.1,64891.9,64893.6,19.488961410000023,trades
1786230000000,64893.6,64918.0,64885.3,64901.1,8.103894159999994,trades
1786233600000,64901.2,64928.6,64899.6,64925.7,2.9281574000000057,trades
1786237200000,64925.7,64953.2,64800.0,64814.2,3.476548870000003,trades
1786240800000,64814.3,64814.3,64736.7,64768.5,11.901225749999996,trades
1786244400000,64768.5,64768.5,64674.2,64730.9,10.459741999999936,trades
1786248000000,64730.9,64767.9,64730.8,64732.9,3.8970282300000063,trades
1786251600000,64732.9,64743.9,64730.4,64743.9,3.3417167999999977,trades
1786255200000,64743.9,64811.2,64743.9,64811.2,7.900819399999998,trades
1786258800000,64811.2,64811.2,64787.0,64787.1,4.285401569999999,trades
1786262400000,64787.1,64879.1,64750.0,64763.0,28.203073210000003,trades
1786266000000,64763.0,64823.5,64755.8,64823.4,2.3534324099999915,trades
1786269600000,64823.5,64926.5,64823.5,64921.3,8.426013239999989,trades
1786273200000,64921.3,64955.1,64900.0,64900.0,4.647700090000001,trades
1786276800000,64900.1,64902.3,64884.8,64899.9,4.936259330000013,trades
1786280400000,64900.0,65196.0,64899.9,65175.1,26.37997873999998,trades
1786284000000,65175.1,65221.0,65111.1,65198.1,34.532598809999975,trades
1786287600000,65198.2,65217.2,65152.7,65177.1,29.53744249000001,trades
1786291200000,65177.1,65200.1,65130.6,65193.5,25.09298678999992,trades
1786294800000,65193.5,65193.5,65165.0,65165.1,22.39307145000003,trades
1786298400000,65165.1,65165.1,65133.9,65139.3,13.38922584999998,trades
1786302000000,65139.3,65160.0,65129.9,65141.0,8.440981800000001,trades
1786305600000,65141.0,65141.0,65025.1,65086.8,9.088970630000013,trades
1786309200000,65086.8,65200.8,65069.4,65151.5,192.5621984400005,trades
1786312800000,65151.6,65425.5,64935.7,65025.0,93.52493515000047,trades
1786316400000,65025.1,65040.6,64802.1,64860.0,14.923253709999951,trades
1786320000000,64860.0,65260.9,64775.8,64914.5,46.435896029999945,trades
1786323600000,64918.4,65328.8,64844.6,65141.0,20.52721232999995,trades
1786327200000,65141.1,65160.9,64861.5,65046.1,13.196215459999928,trades
1786330800000,65046.1,65109.1,64861.4,64917.4,6.073049530000008,trades
1786334400000,64917.4,65040.3,64879.7,64957.1,9.858326139999946,trades
1786338000000,64957.1,65102.2,64927.0,65087.0,7.657240539999995,trades
1786341600000,65087.0,65267.4,65084.7,65245.9,15.349444479999946,trades
1786345200000,65245.9,65298.7,65153.3,65153.7,14.48162458999997,trades
1786348800000,65153.8,65275.7,65153.8,65199.9,39.92581250999999,trades
1786352400000,65200.0,65200.0,64911.6,64913.6,19.75120796999998,trades
1786356000000,64913.6,65019.6,64913.6,64972.6,9.91518199,trades
1786359600000,64972.7,65078.7,64926.4,65071.8,21.605351259999964,trades
1786363200000,65072.0,65180.0,64806.4,64813.8,45.03653948999998,trades
1786366800000,64813.9,64913.9,64445.5,64510.4,126.07417551000025,trades
1786370400000,64510.5,64838.0,64493.5,64570.1,91.0619860199997,trades
1786374000000,64576.4,64657.6,64158.8,64231.7,184.77457952000208,trades
1786377600000,64231.7,64292.7,63759.2,63831.5,188.8485731200009,trades
1786381200000,63835.9,63947.6,63757.2,63879.7,84.00186702000035,trades
1786384800000,63879.7,63940.1,63750.0,63835.9,74.83964209000038,trades
1786388400000,63835.5,64029.2,63829.5,63975.7,61.42730544000034,trades
1786392000000,63975.7,64133.7,63960.0,64098.1,62.96747145000014,trades
1786395600000,64098.1,64098.1,63920.5,63932.1,29.25855194999993,trades
1786399200000,63932.1,63999.0,63880.0,63956.2,11.58724782999992,trades
1786402800000,63958.0,63962.5,63867.8,63922.1,40.73762330000008,trades
1786406400000,63922.1,63989.6,63837.2,63989.2,11.72100581999998,trades
1786410000000,63989.2,64008.0,63905.0,64008.0,8.382014410000012,trades
1786413600000,64008.0,64027.4,63969.0,63986.2,7.63862247,trades
1786417200000,63986.3,64098.1,63986.2,64071.3,17.102942660000007,trades
1786420800000,64071.3,64071.3,63967.3,63972.1,13.490343759999996,trades
1786424400000,63962.2,63981.9,63905.3,63950.8,7.188414649999994,trades
1786428000000,63950.8,63976.1,63797.5,63903.3,36.0188502,trades
1786431600000,63903.3,64024.4,63841.0,64003.4,15.430184749999984,trades
1786435200000,64003.4,64088.0,63992.6,64072.9,71.87763170999999,trades
1786438800000,64072.9,64248.4,64064.9,64243.0,20.254595069999965,trades
1786442400000,64243.0,64243.0,64150.1,64167.7,17.41531181000001,trades
1786446000000,64167.7,64339.8,64167.7,64339.5,18.564657719999968,trades
1786449600000,64339.4,64437.6,64237.1,64269.3,18.24717334000001,trades
1786453200000,64269.3,64314.9,63987.1,64144.7,33.17614453999994,trades
1786456800000,64144.7,64198.6,63655.0,63708.5,54.37151322999998,trades
1786460400000,63708.6,63811.3,63405.9,63558.1,167.5103319800009,trades
1786464000000,63558.1,63598.8,63425.0,63447.0,43.97020370999992,trades
1786467600000,63447.1,63574.6,63405.0,63544.4,61.53349319999993,trades
1786471200000,63544.5,63556.3,63191.8,63304.1,131.4629273299999,trades
1786474800000,63304.1,63478.4,63137.2,63478.4,80.40777943999962,trades
1786478400000,63477.4,63689.1,63477.3,63682.9,71.6029279200003,trades
1786482000000,63682.9,63700.7,63570.0,63623.7,32.56528134999993,trades
1786485600000,63622.1,63708.6,63580.3,63620.5,18.12903169999994,trades
1786489200000,63620.5,63620.5,63483.5,63541.1,35.29263334999995,trades
1786492800000,63541.1,63684.1,63479.1,63684.1,27.13167305999999,trades
1786496400000,63684.1,63796.3,63639.0,63762.0,26.724754309999973,trades
1786500000000,63764.1,63826.7,63676.6,63681.9,22.02123239999991,trades
1786503600000,63689.0,63786.0,63644.6,63774.7,38.778127899999966,trades
1786507200000,63774.7,63825.4,63677.0,63712.6,15.195142809999943,trades
1786510800000,63712.6,63805.0,63671.2,63790.4,4.219768099999998,trades
1786514400000,63790.4,63790.4,63564.7,63653.4,13.599896959999946,trades
1786518000000,63653.5,63763.3,63588.3,63763.2,11.109624989999942,trades
1786521600000,63763.3,63797.0,63708.1,63727.7,6.689895020000004,trades
1786525200000,63727.8,64034.0,63708.6,64033.9,45.417573750000045,trades
1786528800000,64034.0,64141.5,64000.2,64083.4,18.190427529999905,trades
1786532400000,64083.5,64180.0,64054.7,64164.9,25.28936293999997,trades
1786536000000,64165.0,64409.2,63913.1,64068.7,126.46938168000035,trades
1786539600000,64067.5,64102.3,63781.0,63781.0,66.32528388000027,trades
1786543200000,63781.0,63860.2,63307.1,63307.1,139.2156017200011,trades
1786546800000,63307.2,63485.8,63269.1,63376.2,74.74527230000032,trades
1786550400000,63373.1,63500.1,63307.0,63421.3,57.22623573999999,trades
1786554000000,63421.3,63476.7,63340.1,63409.3,34.947897240000046,trades
1786557600000,63409.3,63456.6,63306.1,63313.7,51.47012320000007,trades
1786561200000,63312.5,63376.0,63247.4,63352.6,39.32321313000002,trades
1786564800000,63352.0,63534.9,63351.9,63532.3,27.553611729999925,trades
1786568400000,63532.3,63574.7,63380.0,63390.8,36.46682044000001,trades
1786572000000,63390.8,63473.2,63300.0,63365.0,19.68742170999992,trades
1786575600000,63365.1,63412.0,63319.0,63412.0,19.54179487999998,trades
1786579200000,63412.5,63628.0,63402.2,63506.6,50.252427989999845,trades
1786582800000,63492.7,63559.9,63319.0,63394.0,48.60427708999991,trades
1786586400000,63394.0,63500.0,63319.1,63480.6,8.062303640000001,trades
1786590000000,63480.6,63608.0,63450.0,63575.3,20.31138654999993,trades
1786593600000,63575.4,63707.6,63524.7,63622.1,15.562901429999936,trades
1786597200000,63622.5,63929.8,63620.0,63824.2,49.20263992999985,trades
1786600800000,63824.2,63869.8,63687.9,63869.8,42.65329473999975,trades
1786604400000,63869.8,63869.8,63787.0,63797.5,6.176917149999992,trades
1786608000000,63797.5,63828.1,63675.1,63699.1,12.936818059999982,trades
1786611600000,63701.3,63724.9,63536.5,63722.2,12.204993749999977,trades
1786615200000,63722.2,63750.5,63525.2,63593.1,20.946194039999902,trades
1786618800000,63593.2,63594.0,63300.6,63406.0,17.786633779999942,trades
1786622400000,63406.0,63636.8,63377.1,63626.2,25.513703079999907,trades
1786626000000,63626.2,63772.4,63501.8,63655.4,68.12027875000025,trades
1786629600000,63655.4,63915.0,63617.7,63807.4,102.92009855000065,trades
1786633200000,63802.0,63871.1,63369.0,63369.1,83.93361627000075,trades
1786636800000,63369.1,63500.0,62800.0,63089.3,174.48058245000138,trades
1786640400000,63098.7,63232.0,63032.2,63090.0,70.22064467000001,trades
1786644000000,63090.1,63295.0,63050.0,63249.9,37.39209635999985,trades
1786647600000,63250.0,63437.2,63249.9,63334.9,43.28059061999997,trades
1786651200000,63334.9,63407.5,63302.5,63349.8,37.29723823999992,trades
1786654800000,63349.8,63437.2,63327.1,63405.4,28.64889865999998,trades
1786658400000,63405.4,63567.0,63405.3,63468.1,27.76715079,trades
1786662000000,63468.1,63474.7,63340.0,63423.3,31.20908371999992,trades
1786665600000,63423.3,63499.1,63351.0,63482.9,32.46696986999995,trades
1786669200000,63482.9,63522.0,63389.8,63501.5,28.69358764999991,trades
1786672800000,63501.6,63557.7,63407.0,63407.0,16.219407519999965,trades
1786676400000,63404.2,63512.0,63246.8,63251.1,35.99426967999991,trades
1786680000000,63254.8,63408.7,63221.2,63321.6,29.227378109999943,trades
1786683600000,63321.6,63335.7,63240.0,63328.6,13.975859349999984,trades
1786687200000,63328.7,63328.7,62899.3,62915.0,107.25426642999992,trades
1786690800000,62915.1,63047.5,62862.7,62862.7,42.64833003999996,trades
1786694400000,62862.8,62926.5,62629.6,62877.9,100.05985057000044,trades
1786698000000,62877.9,62877.9,62672.7,62729.8,26.120546229999967,trades
1786701600000,62729.8,62875.1,62683.9,62749.4,15.464429479999932,trades
1786705200000,62749.4,62869.6,62749.3,62804.9,15.887536589999954,trades
1786708800000,62805.0,62841.4,62667.8,62676.0,75.15413958999997,trades
1786712400000,62676.0,62750.0,62535.1,62582.5,186.7057280200013,trades
1786716000000,62582.5,62719.8,62490.0,62553.0,63.47308014999987,trades
1786719600000,62553.0,62996.9,62542.4,62914.0,98.6820065600001,trades
1786723200000,62914.0,63156.0,62887.3,63066.2,162.2408203200005,trades
1786726800000,63066.2,63174.3,62927.4,62940.9,201.9363631000005,trades
1786730400000,62940.8,63002.0,62821.7,62846.7,36.52866933999995,trades
1786734000000,62846.7,62916.4,62756.0,62887.3,94.41909136000028,trades
1786737600000,62887.4,62950.2,62824.7,62840.2,51.54379363000011,trades
1786741200000,62840.3,62869.7,62805.8,62863.2,29.254718680000032,trades
1786744800000,62863.3,62895.4,62723.8,62829.4,43.57072014999999,trades
1786748400000,62829.5,62999.1,62795.4,62979.4,24.20727719999993,trades
1786752000000,62979.4,62991.3,62933.0,62955.3,18.8335377,trades
1786755600000,62955.3,62978.1,62928.7,62974.1,9.959632359999986,trades
1786759200000,62974.1,63056.5,62974.1,63056.5,9.38154721,trades
1786762800000,63056.5,63111.0,62989.8,62989.8,28.157737529999885,trades
1786766400000,62989.9,63090.2,62989.9,63057.3,30.78591025000001,trades
1786770000000,63057.4,63088.7,62986.4,63020.4,12.655827529999971,trades
1786773600000,63020.4,63068.8,62970.7,63052.4,9.86931197999998,trades
1786777200000,63052.5,63064.0,62987.0,62987.1,20.386919049999968,trades
1786780800000,62987.1,63020.3,62867.5,62867.5,27.259308259999944,trades
1786784400000,62867.6,62978.0,62855.8,62976.3,5.997976939999985,trades
1786788000000,62976.3,62978.4,62938.7,62964.1,4.210501139999994,trades
1786791600000,62964.2,62987.4,62929.9,62954.9,9.011681729999983,trades
1786795200000,62954.6,62986.0,62883.0,62985.2,8.828298209999973,trades
1786798800000,62985.3,62999.0,62953.7,62976.8,9.857758840000002,trades
1786802400000,62976.8,62976.8,62935.2,62974.6,12.650663169999984,trades
1786806000000,62974.6,63052.3,62966.0,63037.1,15.305859149999964,trades
1786809600000,63037.1,63060.6,63000.0,63024.7,13.037278219999983,trades
1786813200000,63024.8,63037.3,63000.0,63002.7,8.566670909999997,trades
1786816800000,63002.9,63022.1,62978.3,62989.0,30.036826780000016,trades
1786820400000,62989.0,63056.1,62988.9,63056.0,7.377874259999995,trades
1786824000000,63056.1,63057.4,63006.7,63015.0,10.851805740000016,trades
1786827600000,63015.0,63090.0,63014.9,63090.0,14.73116482999999,trades
1786831200000,63090.0,63090.0,63060.4,63066.6,13.028350849999995,trades
1786834800000,63066.6,63074.4,63023.9,63024.3,8.42942152,trades
1786838400000,63024.3,63024.3,62998.0,63001.1,12.65486284000001,trades
1786842000000,63001.1,63014.0,62950.0,63014.0,12.204954249999984,trades
1786845600000,63014.0,63087.9,62953.9,63055.4,7.023368480000003,trades
1786849200000,63055.4,63059.2,63045.5,63059.1,13.369110669999984,trades
1786852800000,63059.2,63090.0,63012.2,63018.2,15.75991301999998,trades
1786856400000,63018.2,63031.3,62976.0,63002.2,5.966036770000004,trades
1786860000000,63002.2,63020.2,62974.9,62996.7,8.788580539999995,trades
1786863600000,62996.8,62996.8,62987.5,62989.6,2.9965270499999983,trades
1786867200000,62989.6,63004.9,62989.1,63003.7,3.187727740000001,trades
1786870800000,63003.7,63003.7,62895.2,62920.1,7.691780409999995,trades
1786874400000,62920.2,62925.0,62900.9,62925.0,3.3933141799999995,trades
1786878000000,62925.0,62925.0,62915.0,62924.9,5.179784609999999,trades
1786881600000,62925.0,62954.0,62916.8,62940.0,16.692139119999993,trades
1786885200000,62940.0,62998.9,62939.9,62998.9,17.757551589999952,trades
1786888800000,62998.9,63035.4,62988.5,63035.2,7.831784739999984,trades
1786892400000,63035.2,63075.0,63035.1,63075.0,11.82995903,trades
1786896000000,63075.0,63310.0,63074.9,63200.3,57.33950388000011,trades
1786899600000,63200.4,63228.2,63073.0,63100.6,47.36162050000004,trades
1786903200000,63100.6,63105.6,63076.0,63077.6,8.03815401999999,trades
1786906800000,63077.6,63155.0,63049.1,63049.1,29.35620595999999,trades
1786910400000,63049.1,63070.2,62967.7,62998.3,42.63059876000002,trades
1786914000000,62998.3,63005.0,62683.0,62899.0,52.58245287000002,trades
1786917600000,62875.4,62890.0,62660.0,62835.1,59.22270168000002,trades
1786921200000,62851.4,62927.1,62767.7,62819.1,38.4118788199999,trades
1786924800000,62819.1,62878.7,62683.4,62840.2,148.7764859000019,trades
1786928400000,62840.2,63167.9,62825.6,63048.3,110.10822083000022,trades
1786932000000,63048.3,63413.1,62963.9,63326.4,47.91382313000008,trades
1786935600000,63332.4,63434.1,63274.2,63362.2,56.93053598000002,trades
1786939200000,63364.5,63500.5,63364.5,63476.0,15.33684951999994,trades
1786942800000,63476.0,63516.9,63389.1,63459.6,63.34467971000006,trades
1786946400000,63459.6,63630.0,63408.7,63587.5,78.13052998000002,trades
1786950000000,63587.5,63587.5,63463.0,63463.0,22.193101339999973,trades
1786953600000,63463.1,63463.1,63278.7,63314.7,26.13513319999998,trades
1786957200000,63314.7,63351.3,63225.1,63247.4,36.419747300000026,trades
1786960800000,63247.5,63610.9,63226.1,63610.8,87.58894754000026,trades
1786964400000,63610.9,63707.8,63527.0,63561.2,80.60814503000019,trades
1786968000000,63561.3,63600.0,63458.9,63484.7,85.77666193000027,trades
1786971600000,63484.7,63700.0,63386.1,63583.2,71.93922859000004,trades
1786975200000,63595.8,63810.0,63516.2,63809.9,98.50935287000028,trades
1786978800000,63810.0,64164.6,63771.4,64138.7,282.71219425,trades
1786982400000,64137.9,64152.4,64010.6,64058.8,100.52744627000013,trades
1786986000000,64058.8,64371.4,63912.8,64275.3,103.8924267000006,trades
1786989600000,64275.4,64562.3,64230.5,64369.9,84.4448241100001,trades
1786993200000,64369.9,64369.9,64227.6,64262.3,80.22727557999991,trades
1786996800000,64262.3,64369.9,64216.8,64340.0,57.21407973999973,trades
1787000400000,64340.0,64384.6,64263.7,64330.1,51.342303919999935,trades
1787004000000,64330.2,64366.8,64229.2,64232.3,20.506868219999976,trades
1787007600000,64232.3,64499.9,64232.2,64471.7,44.96796653000001,trades
1787011200000,64471.7,64500.0,64300.2,64321.4,32.73951888999998,trades
1787014800000,64321.4,64321.4,64100.0,64131.0,40.796784080000016,trades
1787018400000,64131.0,64220.4,64000.0,64040.7,45.93513853999988,trades
1787022000000,64040.7,64122.3,63985.7,64122.2,26.461915439999995,trades
1787025600000,64118.2,64185.1,64026.4,64142.6,27.42821472000001,trades
1787029200000,64149.2,64208.8,64074.1,64175.0,37.09456959000003,trades
1787032800000,64175.0,64372.9,64100.6,64263.5,29.937972579999983,trades
1787036400000,64262.0,64285.8,64115.2,64139.2,6.408134960000005,trades
1787040000000,64139.2,64263.0,64030.4,64216.4,13.111512549999953,trades
1787043600000,64216.4,64216.4,64075.0,64114.8,15.569865299999975,trades
1787047200000,64114.8,64153.0,64075.0,64143.0,14.891849219999973,trades
1787050800000,64143.0,64335.3,64135.1,64283.6,46.311140119999855,trades
1787054400000,64283.7,64292.7,64164.4,64164.4,86.65797365000016,trades
1787058000000,64164.5,64212.2,64000.0,64148.9,72.5106814699999,trades
1787061600000,64149.0,64995.2,64148.9,64664.8,243.5246127600044,trades
1787065200000,64663.0,64840.8,64609.3,64803.0,103.18184487000018,trades
1787068800000,64803.6,64847.2,64650.9,64794.5,69.63537224999976,trades
1787072400000,64794.5,64798.5,64622.3,64622.4,80.17913490000025,trades
1787076000000,64622.4,64780.1,64620.7,64734.1,51.09715341999988,trades
1787079600000,64734.2,64740.1,64617.2,64617.2,54.04328661999986,trades
1787083200000,64615.3,64617.2,64520.7,64550.1,56.143932719999896,trades
1787086800000,64550.1,64600.0,64528.4,64559.6,13.681638799999952,trades
1787090400000,64559.6,64607.2,64512.7,64591.6,31.738932019999982,trades
1787094000000,64591.6,64735.4,64588.1,64677.2,24.21512346999998,trades
1787097600000,64677.2,64693.1,64444.1,64444.2,18.794189379999946,trades
1787101200000,64444.2,64500.0,64338.7,64350.5,27.82052737999992,trades
1787104800000,64350.5,64366.0,64297.4,64301.1,18.937475509999945,trades
1787108400000,64301.1,64367.5,64233.9,64284.1,26.35986109999996,trades
1787112000000,64284.1,64340.6,64243.8,64249.5,33.44282534000007,trades
1787115600000,64249.4,64358.4,64200.0,64200.1,37.46359801999998,trades
1787119200000,64200.1,64298.0,64115.9,64288.9,66.2351429900001,trades
1787122800000,64289.0,64332.4,64232.9,64254.0,15.796134479999983,trades
1787126400000,64254.0,64452.9,64192.6,64370.8,12.812131339999963,trades
1787130000000,64370.8,64412.8,64300.7,64371.3,8.19280087999999,trades
1787133600000,64371.3,64383.2,64313.7,64383.2,9.553459979999973,trades
1787137200000,64383.2,64478.9,64383.1,64456.3,19.21064534999996,trades
1787140800000,64456.4,64912.5,64421.7,64826.9,99.8714371300001,trades
1787144400000,64827.0,65150.0,64729.3,64940.7,238.9741982600051,trades
1787148000000,64949.0,65923.6,64949.0,65888.0,355.72488585999685,trades
1787151600000,65878.1,69577.2,65834.1,68539.7,2257.5643432399734,trades
1787155200000,68534.2,68930.0,68399.4,68433.0,859.7475016299674,trades
1787158800000,68431.7,68499.7,67790.5,68173.4,245.38359004000617,trades
1787162400000,68173.4,68449.3,68009.1,68379.4,167.90582767000222,trades
1787166000000,68379.5,68476.0,68064.8,68393.8,180.98906262000256,trades
1787169600000,68393.9,69557.1,68378.3,69033.3,365.816750659994,trades
1787173200000,69033.3,70001.8,68963.8,69697.2,594.3692194799899,trades
1787176800000,69698.0,69823.7,68962.5,69214.3,253.3040429100042,trades
1787180400000,69214.3,69404.5,69137.7,69285.0,63.9325756499999,trades
1787184000000,69285.0,69745.2,69284.9,69373.7,162.1665045700049,trades
1787187600000,69382.9,69846.1,69237.9,69682.4,112.89326795000092,trades
1787191200000,69682.4,69783.0,69229.4,69270.1,62.05572659000007,trades
1787194800000,69270.2,69270.2,68850.9,69137.7,74.41033011000042,trades
1787198400000,69137.7,69522.6,69102.5,69449.4,47.31828567000001,trades
1787202000000,69449.4,69621.5,69316.9,69365.0,74.89636473000013,trades
1787205600000,69365.0,69859.6,69291.0,69806.1,45.24959464999992,trades
1787209200000,69806.2,69806.2,69472.7,69768.0,30.6352644299999,trades
1787212800000,69769.7,71752.0,69722.7,71533.1,603.9069052799827,trades
1787216400000,71533.1,71999.9,71456.6,71724.0,183.08414317000165,trades
1787220000000,71724.1,72405.9,71650.7,71916.8,218.5441676100033,trades
1787223600000,71926.3,72250.0,71785.9,71875.8,161.49860120000005,trades
1787227200000,71875.8,71938.1,71447.7,71884.7,446.2602571699949,trades
1787230800000,71884.8,72030.7,71080.2,71625.8,567.5345019599927,trades
1787234400000,71625.8,71930.2,71340.8,71764.1,265.46574504000296,trades
1787238000000,71764.2,72768.1,71764.1,72431.7,641.1682852999935,trades
1787241600000,72431.7,72859.0,72157.7,72816.6,250.5254594800027,trades
1787245200000,72816.6,72961.4,72522.1,72723.6,249.15037800000383,trades
1787248800000,72723.6,72787.6,72362.4,72410.3,122.69432722999986,trades
1787252400000,72410.3,72757.4,72309.0,72632.2,131.53524590000015,trades
1787256000000,72643.4,73042.9,72588.5,72656.2,177.91276407000225,trades
1787259600000,72656.0,72817.1,72562.3,72724.8,237.74565613000183,trades
1787263200000,72724.8,72861.5,72475.4,72666.7,65.04338644999987,trades
1787266800000,72666.7,73387.0,72663.6,73001.1,221.3355326100025,trades
1787270400000,73001.2,73930.0,73001.1,73682.5,211.4465673300031,trades
1787274000000,73682.5,75744.2,73639.6,75099.3,522.9079566199887,trades
1787277600000,75099.3,75163.3,74355.8,74409.9,166.95064670000158,trades
1787281200000,74409.9,74825.8,74204.2,74486.2,132.03943551000052,trades
1787284800000,74486.2,75014.2,74486.2,74975.3,71.10207595999977,trades
1787288400000,74975.4,75461.0,74890.5,75426.7,145.88731715000128,trades
1787292000000,75427.2,75700.0,75063.2,75591.9,152.9848594900016,trades
1787295600000,75592.0,76826.5,75591.9,76275.6,445.152031829989,trades
1787299200000,76275.7,79511.1,76242.0,79261.5,556.2817564999947,trades
1787302800000,79274.5,79313.9,77197.8,77889.9,564.5854974999856,trades
1787306400000,77889.9,78218.3,77592.0,77801.0,257.38405307000613,trades
1787310000000,77805.9,77817.1,76446.0,76689.9,498.10777093999496,trades
1787313600000,76690.0,77453.3,76518.6,77187.0,174.06294335000172,trades
1787317200000,77187.1,77670.8,76181.8,77257.6,355.2796583099968,trades
1787320800000,77242.6,77408.1,76534.0,77378.5,278.0792861000007,trades
1787324400000,77378.5,77829.6,77131.8,77185.7,281.64483235000404,trades
1787328000000,77185.7,77503.4,76763.0,77466.9,236.2371277000045,trades
1787331600000,77454.5,77689.5,77165.3,77371.8,276.8122684000062,trades
1787335200000,77371.8,77522.2,76615.1,77095.0,154.93904340000086,trades
1787338800000,77094.9,77300.0,76835.0,76999.8,150.52640810000105,trades
1787342400000,77000.4,77510.8,76842.3,77492.9,188.1555620300022,trades
1787346000000,77492.9,78665.8,77377.2,78491.0,260.61834314000447,trades
1787349600000,78491.0,78738.0,78061.9,78443.6,310.9204869700044,trades
1787353200000,78443.7,78693.5,78119.8,78327.2,154.4703196499998,trades
1787356800000,78327.7,78484.3,77239.5,77943.0,890.2949109999952,trades
1787360400000,77943.0,78202.7,77810.1,77850.1,113.73274288999954,trades
1787364000000,77850.1,78533.2,77786.6,78461.2,121.08713251999971,trades
1787367600000,78461.3,78800.0,78361.3,78409.5,81.40238631999983,trades
1787371200000,78409.6,78799.9,78222.8,78463.9,514.3567525799975,trades
1787374800000,78464.0,78558.9,76016.3,77373.9,406.7234791999935,trades
1787378400000,77372.1,77551.3,76986.8,77484.4,157.10513809000128,trades
1787382000000,77476.7,77626.0,77207.1,77266.2,81.77886014999983,trades
1787385600000,77266.3,77419.9,77040.8,77189.9,42.52102250999974,trades
1787389200000,77190.0,77363.2,76846.5,77041.3,30.18697471999981,trades
1787392800000,77041.4,77160.1,76533.1,76971.6,65.45242355999979,trades
1787396400000,76971.6,77186.5,76788.7,77130.3,43.64474957999983,trades
1787400000000,77130.3,77362.0,77089.9,77302.9,39.70291155999981,trades
1787403600000,77300.7,77344.9,77111.0,77286.3,186.15064409000044,trades
1787407200000,77286.3,77286.3,76920.1,76980.3,86.56939067999977,trades
1787410800000,76980.3,77087.9,76873.7,76966.8,137.37072847000172,trades
1787414400000,76966.9,77524.9,76936.2,77283.7,54.13010855999973,trades
1787418000000,77280.2,77356.6,77074.3,77266.9,60.02090483999999,trades
1787421600000,77267.0,77361.8,77153.2,77260.9,90.09087095,trades
1787425200000,77261.0,77466.6,77221.3,77431.4,58.94162331999996,trades
1787428800000,77431.5,77455.9,77245.5,77311.3,72.64783977999986,trades
1787432400000,77311.3,77311.3,76818.3,76850.0,173.15139531000082,trades
1787436000000,76850.0,77148.6,76767.0,76981.0,131.63898556000046,trades
1787439600000,76979.9,77112.7,76884.6,77082.6,31.998045550000004,trades
1787443200000,77082.7,77362.7,77031.6,77303.5,79.44052251000002,trades
1787446800000,77303.5,77395.7,77160.5,77186.9,15.973339489999915,trades
1787450400000,77186.9,77206.4,77022.3,77071.9,24.031880179999924,trades
1787454000000,77071.9,77129.4,76845.9,76921.1,24.45936943999993,trades
1787457600000,76921.1,76998.4,76464.2,76581.8,84.3402970699998,trades
1787461200000,76591.8,76701.3,75568.1,76092.1,245.4844460800048,trades
1787464800000,76052.8,76338.3,75884.7,76074.4,92.13559346999988,trades
1787468400000,76074.5,76339.8,75898.2,75976.4,97.40469028999968,trades
1787472000000,75983.3,76609.1,75936.3,76480.5,144.0307099200003,trades
1787475600000,76480.6,76624.4,76470.1,76541.6,124.31384085000032,trades
1787479200000,76541.6,76892.1,76540.7,76783.6,97.81849327000008,trades
1787482800000,76783.6,77363.1,76735.6,77308.7,85.88907900999999,trades
1787486400000,77308.8,77308.8,77004.3,77215.8,128.38122569999996,trades
1787490000000,77215.9,77787.1,77199.6,77484.2,137.9210792500011,trades
1787493600000,77484.2,77633.6,76818.3,77187.4,97.2676473899999,trades
1787497200000,77184.0,77319.5,76900.7,77138.4,71.89269969999994,trades
1787500800000,77138.4,77438.0,77138.4,77424.2,41.754945039999946,trades
1787504400000,77424.3,77435.7,77161.4,77185.9,35.93771299999981,trades
1787508000000,77185.9,77392.8,77124.0,77312.0,17.524567299999873,trades
1787511600000,77328.1,77447.2,77249.1,77333.0,68.65427475999991,trades
1787515200000,77333.1,77449.8,77199.0,77397.6,22.99751086999996,trades
1787518800000,77397.7,78035.3,77397.6,77834.0,454.18689732000126,trades
1787522400000,77833.8,77990.2,77578.1,77601.8,64.16315500999966,trades
1787526000000,77600.1,77801.6,77315.2,77737.5,159.64383657000255,trades
1787529600000,77737.3,77737.4,77161.3,77642.9,60.11245098000001,trades
1787533200000,77643.0,77680.3,76910.9,76924.2,45.5238280199998,trades
1787536800000,76924.2,77524.5,76860.3,77468.1,29.88850788999965,trades
1787540400000,77468.1,77521.5,76935.9,76935.9,37.70440549999987,trades
1787544000000,76935.9,77248.2,76686.2,76895.2,112.47174161000012,trades
1787547600000,76895.2,77238.7,76841.8,77178.0,44.02720219999983,trades
1787551200000,77164.4,77497.6,77081.8,77454.1,29.18518503999972,trades
1787554800000,77454.2,77800.0,77278.7,77303.3,100.70082893000009,trades
1787558400000,77303.4,77378.5,76831.9,77029.2,43.39524537999986,trades
1787562000000,77029.3,77607.2,77029.2,77534.9,74.15257217,trades
1787565600000,77535.3,77979.7,77517.1,77610.9,155.3152527400009,trades
1787569200000,77606.5,78573.8,77454.0,78424.2,252.0120279500025,trades
1787572800000,78430.0,79278.0,77979.2,79130.8,321.19885180999734,trades
1787576400000,79130.9,79385.1,77805.1,78577.6,437.8022808099908,trades
1787580000000,78577.7,79798.0,78562.1,79488.9,340.0639421499973,trades
1787583600000,79488.7,79978.6,78828.3,79074.1,455.28757322000064,trades
1787587200000,79087.8,79846.4,78905.4,79056.6,124.81943812000011,trades
1787590800000,79056.6,79184.5,78444.4,78746.7,225.1926951100032,trades
1787594400000,78746.7,79084.3,78707.9,78927.8,91.34347785000006,trades
1787598000000,78927.8,79100.0,78600.0,78742.8,131.69354912000114,trades
1787601600000,78742.8,78986.7,78555.0,78925.2,109.02689600000042,trades
1787605200000,78925.2,79024.0,78854.7,78960.0,38.09466232000015,trades
1787608800000,78960.0,78967.1,78704.7,78730.8,20.105400309999887,trades
1787612400000,78730.8,78980.0,78640.3,78966.1,45.96013240000016,trades
1787616000000,78966.1,79855.0,78720.5,79724.9,133.87149538000097,trades
1787619600000,79731.4,79949.0,79484.2,79803.0,91.76162735000048,trades
1787623200000,79803.0,81200.0,79746.1,80638.7,563.3721419099769,trades
1787626800000,80638.8,80924.7,80305.7,80472.6,161.61154516999966,trades
1787630400000,80472.6,80577.9,80151.6,80340.2,158.58700389000032,trades
1787634000000,80340.3,80786.3,80326.4,80694.7,105.20322109999984,trades
1787637600000,80694.7,80868.5,80382.8,80538.5,57.06716331000008,trades
1787641200000,80538.6,80753.4,79333.0,79714.3,279.599446960001,trades
1787644800000,79712.1,80228.6,79607.4,79926.6,97.55907882000048,trades
1787648400000,79926.7,79926.7,78865.9,79160.3,197.75483590000152,trades
1787652000000,79160.3,79465.5,78999.0,79301.9,99.3068363300006,trades
1787655600000,79302.0,79451.0,79029.4,79105.8,122.94664338999988,trades
1787659200000,79105.9,79167.0,78646.5,78977.3,147.23844709000136,trades
1787662800000,78974.2,79224.1,78106.7,78610.7,462.6063365399923,trades
1787666400000,78610.8,79367.2,78515.7,79229.9,184.58886097000283,trades
1787670000000,79230.0,79530.1,79042.4,79529.2,178.75427037000105,trades
1787673600000,79514.3,79562.6,79048.9,79149.6,144.81100981000034,trades
1787677200000,79149.7,79233.5,78759.7,79233.4,183.00288283000103,trades
1787680800000,79233.5,79333.0,79050.0,79128.9,60.52298959000004,trades
1787684400000,79129.0,79223.6,78733.2,78936.7,113.32045375000024,trades
1787688000000,78936.7,78966.9,78176.3,78212.7,134.1663673100009,trades
1787691600000,78212.7,78648.0,77850.0,78564.2,125.36361820000008,trades
1787695200000,78564.3,78986.4,78564.2,78876.4,34.988229609999934,trades
1787698800000,78876.4,78960.8,78410.8,78509.4,16.351966079999816,trades
1787702400000,78509.5,78688.6,78307.3,78622.0,57.029370780000114,trades
1787706000000,78620.4,78944.3,78620.3,78790.6,57.70782563000005,trades
1787709600000,78790.6,79221.6,78737.4,79098.5,124.96111636000036,trades
1787713200000,79098.5,79151.7,78911.6,79089.2,35.71388261000008,trades
1787716800000,79087.8,79177.6,78793.1,78816.5,20.76079434999997,trades
1787720400000,78816.5,79119.4,78652.6,79070.6,21.231738889999928,trades
1787724000000,79070.7,79167.1,78824.0,78932.9,23.24158369999986,trades
1787727600000,78933.0,79057.0,78874.8,78917.8,18.44959040999989,trades
1787731200000,78917.9,79090.9,78608.6,78686.1,28.94888649999987,trades
1787734800000,78686.2,78864.3,78250.0,78434.8,35.00024655999992,trades
1787738400000,78434.8,78847.8,78259.2,78716.5,36.10367019000013,trades
1787742000000,78716.5,78769.0,78323.3,78480.6,47.73524505000031,trades
1787745600000,78480.6,78697.4,77919.5,78333.5,82.1615980400005,trades
1787749200000,78331.2,78533.2,77913.7,78450.0,120.98286782000024,trades
1787752800000,78450.0,78623.0,77779.3,77785.0,205.3469585400027,trades
1787756400000,77785.0,78158.3,77628.8,78008.8,244.99566604000285,trades
1787760000000,78008.8,78140.0,77877.0,78000.1,56.10837631000005,trades
1787763600000,78000.1,78615.0,77998.0,78436.6,420.5941393399938,trades
1787767200000,78436.6,78637.1,78299.2,78471.0,54.67480618999994,trades
1787770800000,78471.0,78556.1,78277.7,78459.9,72.04173375999999,trades
1787774400000,78460.0,78520.4,78219.3,78449.5,60.99840461999996,trades
1787778000000,78449.6,78845.1,78399.9,78749.2,162.52562244000035,trades
1787781600000,78749.2,78978.2,78573.5,78706.2,141.77692293000172,trades
1787785200000,78706.2,79161.6,78650.1,79008.6,101.1258331700002,trades
1787788800000,79020.7,79024.6,78697.4,78708.0,49.71482921000001,trades
1787792400000,78708.1,79029.5,78588.2,78893.2,44.58199268,trades
1787796000000,78893.3,78977.2,78708.8,78717.1,29.60216351999995,trades
1787799600000,78717.1,78971.7,78626.7,78816.5,15.565156979999848,trades
1787803200000,78816.6,78875.1,78675.2,78769.3,14.064876969999956,trades
1787806800000,78769.3,78908.1,78589.4,78897.0,77.53515956000058,trades
1787810400000,78897.0,78897.0,78613.0,78799.0,34.23487054,trades
1787814000000,78799.0,79089.3,78727.8,79085.7,41.24502345000002,trades
1787817600000,79083.7,80000.0,79034.0,79739.9,271.46213781999865,trades
1787821200000,79739.9,80500.0,79675.6,79958.0,166.9365714500013,trades
1787824800000,79958.1,80125.6,79357.3,79603.0,207.6282264300028,trades
1787828400000,79603.0,79764.4,79183.5,79472.0,43.49677770999997,trades
1787832000000,79472.0,79581.8,79258.6,79276.8,82.91183663999995,trades
1787835600000,79276.8,79562.6,78861.9,79543.5,170.68125349000184,trades
1787839200000,79543.5,80397.9,79366.9,80209.2,398.836087999996,trades
1787842800000,80209.2,80800.0,80124.0,80311.5,237.7146000200039,trades
1787846400000,80311.6,80619.0,80158.4,80380.1,303.98213670000047,trades
1787850000000,80380.1,80848.4,80232.2,80467.2,117.43558606999945,trades
1787853600000,80467.2,80467.2,79750.4,80155.3,171.7947871600026,trades
1787857200000,80155.3,80296.0,79912.2,79916.8,65.29057616999977,trades
1787860800000,79908.1,80116.4,79884.0,80108.7,53.13809522999981,trades
1787864400000,80110.3,80187.7,79988.6,80187.7,32.18488669000005,trades
1787868000000,80191.0,80425.4,80190.9,80322.1,53.27426651000002,trades
1787871600000,80318.3,80400.0,80162.4,80265.9,43.16145431999991,trades
1787875200000,80265.9,80717.0,80185.4,80581.5,47.71076283000007,trades
1787878800000,80581.5,81461.0,80467.5,80519.1,540.6856094899834,trades
1787882400000,80519.2,80519.2,79764.7,79935.5,111.2273854700003,trades
1787886000000,79935.5,80073.3,79798.8,79828.2,112.30740390000038,trades
1787889600000,79824.9,79983.2,79624.4,79661.1,77.06067020000003,trades
1787893200000,79658.1,79888.0,79570.8,79699.2,19.548581259999864,trades
1787896800000,79699.3,80000.0,79699.3,79926.7,22.58433052999993,trades
1787900400000,79926.8,79926.8,79595.8,79681.8,111.14108259999996,trades
1787904000000,79681.8,79846.0,79500.0,79517.0,41.60327044999988,trades
1787907600000,79517.0,79517.0,79260.4,79301.1,135.58333458000016,trades
1787911200000,79301.1,79584.5,79034.0,79577.6,127.07101115999986,trades
1787914800000,79570.7,79748.7,79560.4,79593.4,49.04149291999964,trades
1787918400000,79593.4,79713.0,79314.4,79420.0,35.62983182999982,trades
1787922000000,79420.0,79538.4,79062.7,79335.0,245.5987318800049,trades
1787925600000,79359.2,79700.0,78419.0,79540.8,514.6149913999925,trades
1787929200000,79562.2,79819.9,78317.3,78333.7,278.598314010003,trades
1787932800000,78333.8,78394.3,76853.0,77792.6,878.1259974399612,trades
1787936400000,77780.6,78100.0,77648.8,77884.3,375.08386384000335,trades
1787940000000,77884.3,77930.1,77300.0,77530.0,438.60016966999945,trades
1787943600000,77530.9,77782.8,77369.9,77561.2,208.86171582000333,trades
1787947200000,77561.3,77611.7,77300.8,77407.0,120.14669409000037,trades
1787950800000,77407.0,77529.2,77300.0,77348.1,48.25003271999999,trades
1787954400000,77348.2,77766.6,77348.1,77760.7,124.43640947000029,trades
1787958000000,77760.7,77841.8,77643.8,77841.8,35.263867799999915,trades
1787961600000,77841.8,77958.1,77722.3,77727.9,105.21296154000036,trades
1787965200000,77727.9,77837.9,77647.9,77807.8,23.75984513000001,trades
1787968800000,77807.9,77820.0,77609.7,77672.1,25.33439033999996,trades
1787972400000,77672.2,77723.3,77515.5,77515.5,23.06828786999999,trades
1787976000000,77515.6,77665.7,77509.3,77652.7,32.41381250000005,trades
1787979600000,77652.7,77713.4,77611.5,77637.9,25.587365799999965,trades
1787983200000,77637.9,77640.0,77379.7,77463.9,19.67195886,trades
1787986800000,77464.0,77656.9,77450.0,77637.0,13.534463579999962,trades
1787990400000,77637.1,77638.0,77489.2,77638.0,8.068747650000022,trades
1787994000000,77638.0,77751.6,77587.7,77679.8,32.30527787999995,trades
1787997600000,77679.8,77730.4,77528.2,77668.2,23.03109324999996,trades
1788001200000,77668.3,77728.8,77574.3,77593.1,14.050458789999976,trades
1788004800000,77593.2,77660.2,77534.1,77592.2,18.83902451999996,trades
1788008400000,77592.3,77721.4,77580.5,77716.6,12.996553249999948,trades
1788012000000,77716.7,78150.9,77663.5,78019.1,54.840352869999656,trades
1788015600000,78019.2,78019.2,77813.1,77858.4,44.54940731,exchange_ohlc
1788019200000,77858.4,78103.5,77858.3,78028.4,21.70871285,exchange_ohlc
1788022800000,78028.5,78097.0,77921.8,78097.0,23.93293817,exchange_ohlc
1788026400000,78097.0,78248.5,78018.3,78165.0,21.74830015,exchange_ohlc
1788030000000,78165.1,78316.0,78164.1,78165.1,57.01096732,exchange_ohlc
1788033600000,78165.1,78284.1,78125.0,78126.5,12.75735207,exchange_ohlc
1788037200000,78126.6,78186.5,78050.9,78156.3,45.01745598,exchange_ohlc
1788040800000,78156.3,78210.1,78081.2,78201.8,55.45462231,exchange_ohlc
1788044400000,78201.9,78270.0,78201.8,78227.8,46.68939049,exchange_ohlc
1788048000000,78227.8,78316.9,78147.6,78196.1,24.71951795,exchange_ohlc
1788051600000,78196.1,78196.1,77983.6,78069.2,20.8297903,exchange_ohlc
1788055200000,78069.2,78150.0,78005.3,78100.7,9.22631544,exchange_ohlc
1788058800000,78100.8,78200.0,78045.7,78137.5,16.26931263,exchange_ohlc
1788062400000,78137.5,78200.0,78000.0,78099.1,10.12506714,exchange_ohlc
1788066000000,78103.8,78194.5,78103.7,78115.8,2.61520263,exchange_ohlc
1788069600000,78115.8,78300.0,78114.5,78260.5,9.29608208,exchange_ohlc
1788073200000,78260.5,78293.5,78127.0,78127.1,7.96284599,exchange_ohlc
1788076800000,78127.1,78193.1,78030.5,78072.8,16.67070691,exchange_ohlc
1788080400000,78072.8,78114.2,78000.0,78003.1,7.58784028,exchange_ohlc
1788084000000,78000.1,78141.7,77981.8,78141.6,58.64282711,exchange_ohlc
1788087600000,78141.5,78233.3,78115.6,78149.9,34.02599826,exchange_ohlc
1788091200000,78150.0,78823.2,78149.9,78762.8,119.95581141,exchange_ohlc
1788094800000,78765.7,78948.9,78602.6,78897.3,96.38097581,exchange_ohlc
1788098400000,78897.3,78934.7,78708.6,78779.6,30.76112581,exchange_ohlc
1788102000000,78777.6,78893.8,78637.8,78808.3,19.32614713,exchange_ohlc
1788105600000,78808.3,79371.5,78759.0,79322.7,96.41579519,exchange_ohlc
1788109200000,79322.8,79329.9,78774.0,79003.1,209.56914289,exchange_ohlc
1788112800000,79003.1,79160.8,78790.2,79021.1,19.218274,exchange_ohlc
1788116400000,79021.1,79021.1,78731.3,78850.2,36.1638426,exchange_ohlc
1788120000000,78853.9,78925.7,78435.6,78595.1,95.99630736,exchange_ohlc
1788123600000,78595.1,78709.9,78245.4,78650.4,52.33348882,exchange_ohlc
1788127200000,78650.4,78794.3,78288.8,78416.2,39.80192143,exchange_ohlc
1788130800000,78416.3,78433.6,77000.0,77681.6,569.58626417,exchange_ohlc
1788134400000,77681.6,78171.9,77435.8,77920.6,83.84677542,exchange_ohlc
1788138000000,77920.6,77992.7,77559.2,77618.7,47.38590817,exchange_ohlc
1788141600000,77618.8,77996.6,77255.3,77448.7,186.46212164,exchange_ohlc
1788145200000,77448.8,77838.9,77378.5,77738.8,73.62738351,exchange_ohlc
1788148800000,77738.8,77760.7,77427.9,77603.8,32.48357295,exchange_ohlc
1788152400000,77603.9,78124.4,77503.9,78010.0,59.80388712,exchange_ohlc
1788156000000,78007.5,78119.6,77858.5,78079.3,55.9132507,exchange_ohlc
1788159600000,78079.3,78278.6,78034.7,78192.5,41.5390224,exchange_ohlc
1788163200000,78192.5,78486.1,77980.0,78450.1,108.22587868,exchange_ohlc
1788166800000,78450.1,78787.1,78400.0,78503.4,108.71224177,exchange_ohlc
1788170400000,78503.5,78691.1,78286.1,78690.7,35.24796786,exchange_ohlc
1788174000000,78685.4,78687.9,78274.7,78294.4,35.67046819,exchange_ohlc
1788177600000,78294.5,78492.9,77680.3,77916.6,84.36139177,exchange_ohlc
1788181200000,77909.6,78236.4,77709.8,77838.6,151.50386534,exchange_ohlc
1788184800000,77820.6,78663.1,77723.7,78546.9,120.50749973,exchange_ohlc
1788188400000,78547.0,78723.0,78204.1,78564.8,82.52227163,exchange_ohlc
1788192000000,78564.8,78838.0,78505.7,78620.9,46.85756573,exchange_ohlc
1788195600000,78620.7,78981.8,78450.3,78883.1,173.11540537,exchange_ohlc
1788199200000,78883.2,79191.7,78775.0,79022.6,107.50347557,exchange_ohlc
1788202800000,79022.6,79252.6,78844.5,78900.0,101.68834043,exchange_ohlc
1788206400000,78900.1,79142.9,78781.1,78847.2,44.33427944,exchange_ohlc
1788210000000,78847.3,79049.9,78697.4,78957.0,93.10501959,exchange_ohlc
1788213600000,78957.1,79000.0,78571.0,78574.4,46.96137677,exchange_ohlc
1788217200000,78574.5,78574.5,78374.7,78566.1,37.23815889,exchange_ohlc
1788220800000,78563.0,78854.2,78562.9,78613.7,30.04552452,exchange_ohlc
1788224400000,78614.4,78772.6,78364.2,78382.1,36.72525879,exchange_ohlc
1788228000000,78382.1,78430.0,78185.1,78425.8,46.14447254,exchange_ohlc
1788231600000,78425.9,78818.3,78379.2,78656.9,22.28340649,exchange_ohlc
1788235200000,78656.9,78882.5,78624.3,78701.2,16.46864856,exchange_ohlc
1788238800000,78701.2,79198.3,78701.2,79156.6,83.59460661,exchange_ohlc
1788242400000,79156.6,79156.6,78730.7,78733.3,86.00972589,exchange_ohlc
1788246000000,78733.3,78778.2,78481.3,78616.4,108.9616748,exchange_ohlc
1788249600000,78616.5,78637.4,77795.5,77863.8,90.97183419,exchange_ohlc
1788253200000,77863.9,78032.3,77773.7,77896.5,43.93127759,exchange_ohlc
1788256800000,77896.6,78176.1,77748.1,77999.9,37.49996057,exchange_ohlc
1788260400000,78000.0,78178.7,77865.2,78072.6,45.44348813,exchange_ohlc
1788264000000,78072.6,78133.1,77713.6,77971.3,61.8466143,exchange_ohlc
1788267600000,77971.4,78157.1,77468.6,78041.1,221.72716515,exchange_ohlc
1788271200000,78041.8,78391.5,78029.8,78139.0,107.0386054,exchange_ohlc
1788274800000,78139.0,78139.0,77708.0,77891.0,126.16980757,exchange_ohlc
1788278400000,77891.1,77946.4,77300.0,77561.1,113.19171385,exchange_ohlc
1788282000000,77561.1,77699.6,77221.2,77237.5,159.83979042,exchange_ohlc
1788285600000,77237.5,77296.6,76398.4,77125.8,593.84632478,exchange_ohlc
1788289200000,77125.9,77434.2,77079.7,77268.3,201.85583669,exchange_ohlc
1788292800000,77270.7,77441.3,77199.7,77412.7,91.94916002,exchange_ohlc
1788296400000,77412.7,77479.9,76879.0,77170.4,111.08338209,exchange_ohlc
1788300000000,77170.4,77330.8,76997.0,77230.0,82.72732788,exchange_ohlc
1788303600000,77230.1,77585.0,77171.0,77398.1,67.61786863,exchange_ohlc
1788307200000,77398.1,77474.2,77104.6,77172.6,49.69456336,exchange_ohlc
1788310800000,77172.6,77329.8,76689.3,76971.8,96.79412847,exchange_ohlc
1788314400000,76971.9,77289.8,76902.4,77280.3,47.41614703,exchange_ohlc
1788318000000,77280.3,77736.2,77260.7,77525.7,102.16590429,exchange_ohlc
1788321600000,77520.4,77571.1,77251.8,77519.4,29.86016333,exchange_ohlc
1788325200000,77519.1,77722.0,77397.0,77614.6,55.80100691,exchange_ohlc
1788328800000,77617.0,77687.4,77428.3,77572.8,45.60223038,exchange_ohlc
1788332400000,77573.0,77725.6,77432.8,77437.7,38.25751679,exchange_ohlc
1788336000000,77437.7,77507.9,76701.1,76815.3,88.32261289,exchange_ohlc
1788339600000,76815.4,77015.2,76445.0,76717.3,141.2465102,exchange_ohlc
1788343200000,76717.3,76717.6,76236.9,76634.8,184.01625028,exchange_ohlc
1788346800000,76634.8,76790.6,76317.4,76790.6,66.28716608,exchange_ohlc
1788350400000,76790.6,77008.9,76575.3,76575.3,76.57600549,exchange_ohlc
1788354000000,76575.3,77389.6,76564.4,77106.7,136.37633985,exchange_ohlc
1788357600000,77106.7,77447.4,76983.3,77031.5,138.45672808,exchange_ohlc
1788361200000,77031.5,77349.1,76711.0,77248.4,121.18439534,exchange_ohlc
1788364800000,77248.5,77536.9,77150.0,77150.1,124.92409231,exchange_ohlc
1788368400000,77150.1,77363.9,76922.6,77348.4,173.45611807,exchange_ohlc
1788372000000,77348.5,77473.7,77270.8,77345.0,99.84365959,exchange_ohlc
1788375600000,77345.0,77380.0,77090.4,77305.9,68.130251,exchange_ohlc
1788379200000,77305.9,77484.8,77178.0,77370.1,124.00865926,exchange_ohlc
1788382800000,77374.3,77403.6,77215.5,77253.7,38.45774901,exchange_ohlc
1788386400000,77253.7,77266.0,77000.1,77000.1,27.1361916,exchange_ohlc
1788390000000,77000.1,77335.2,77000.0,77305.1,82.08724314,exchange_ohlc
1788393600000,77304.9,77350.7,76965.9,77035.1,78.27642591,exchange_ohlc
1788397200000,77031.1,77501.8,76949.6,77330.2,85.11374526,exchange_ohlc
1788400800000,77330.2,77868.0,77202.9,77780.3,230.9527195,exchange_ohlc
1788404400000,77780.7,77856.4,77611.0,77670.6,39.53272007,exchange_ohlc
1788408000000,77670.6,77775.0,77511.4,77739.8,46.66941069,exchange_ohlc
1788411600000,77742.7,77780.0,77086.1,77776.4,129.73084729,exchange_ohlc
1788415200000,77776.4,77800.0,77654.1,77791.1,63.75042517,exchange_ohlc
1788418800000,77791.1,78099.1,77567.6,77626.0,185.62148416,exchange_ohlc
1788422400000,77626.0,78016.6,77626.0,77800.9,35.26610287,exchange_ohlc
1788426000000,77801.0,77938.2,77576.0,77578.6,23.0660636,exchange_ohlc
1788429600000,77574.5,77738.7,77448.4,77708.6,117.3585236,exchange_ohlc
1788433200000,77708.6,77960.5,77669.5,77917.5,48.04595255,exchange_ohlc
1788436800000,77917.4,78725.0,77852.7,78611.1,108.4385218,exchange_ohlc
1788440400000,78611.2,78997.0,78434.2,78836.5,156.50402942,exchange_ohlc
1788444000000,78836.4,80549.3,78704.2,80549.2,511.95871309,exchange_ohlc
1788447600000,80547.6,81381.4,80373.1,81361.7,661.07741938,exchange_ohlc
1788451200000,81361.8,81375.3,80595.2,80968.8,560.63489024,exchange_ohlc
1788454800000,80968.8,81187.3,80881.7,81048.7,218.39793976,exchange_ohlc
1788458400000,81048.7,81346.6,80901.7,81262.4,217.9429776,exchange_ohlc
1788462000000,81262.4,81799.8,81178.7,81746.9,342.24946898,exchange_ohlc
1788465600000,81767.1,81791.6,81363.5,81476.7,148.9032646,exchange_ohlc
1788469200000,81476.8,82288.1,81300.7,81607.8,274.30059064,exchange_ohlc
1788472800000,81607.8,81608.8,80913.7,81150.7,305.64314593,exchange_ohlc
1788476400000,81150.7,81340.0,81095.1,81276.1,74.74051383,exchange_ohlc
1788480000000,81276.1,81431.1,80963.4,80974.3,103.24379918,exchange_ohlc
1788483600000,80974.3,81099.1,80774.7,80976.5,67.62341994,exchange_ohlc
1788487200000,80976.8,80976.8,80672.7,80823.2,38.65644838,exchange_ohlc
1788490800000,80823.3,81051.6,80813.6,80853.5,38.77247528,exchange_ohlc
1788494400000,80853.6,81275.1,80817.1,81067.9,65.21196499,exchange_ohlc
1788498000000,81069.4,81127.8,80853.3,81004.7,51.47022,exchange_ohlc
1788501600000,81004.7,81081.3,80561.9,80786.9,49.54183193,exchange_ohlc
1788505200000,80787.0,80950.0,80650.0,80650.1,138.16349881,exchange_ohlc
1788508800000,80650.1,81221.1,80480.9,81132.0,199.18251715,exchange_ohlc
1788512400000,81132.1,81291.9,80932.6,81042.6,76.0031418,exchange_ohlc
1788516000000,81042.6,81185.9,80819.4,81179.5,50.85292622,exchange_ohlc
1788519600000,81179.5,81400.0,81090.3,81220.0,66.09659427,exchange_ohlc
1788523200000,81220.0,81349.3,79163.2,79443.0,653.49822622,exchange_ohlc
1788526800000,79443.0,79730.8,78973.3,79370.6,324.93180287,exchange_ohlc
1788530400000,79370.6,79553.6,78632.3,78896.2,279.2890904,exchange_ohlc
1788534000000,78896.2,79563.1,78783.1,79421.1,128.41225505,exchange_ohlc
1788537600000,79421.1,79870.6,79376.0,79753.0,77.5458279,exchange_ohlc
1788541200000,79753.1,79760.9,79400.0,79474.4,64.21661392,exchange_ohlc
1788544800000,79474.5,79661.6,79474.5,79640.4,53.04463066,exchange_ohlc
1788548400000,79640.4,79822.8,79629.5,79798.9,70.20750434,exchange_ohlc
1788552000000,79798.9,79873.7,79693.0,79715.6,72.39013931,exchange_ohlc
1788555600000,79715.6,79838.4,79550.0,79661.4,44.79793778,exchange_ohlc
1788559200000,79661.4,79739.8,79633.5,79655.5,28.12675223,exchange_ohlc
1788562800000,79655.6,79772.0,79628.7,79676.4,19.15643442,exchange_ohlc
1788566400000,79676.5,79732.0,79588.2,79588.2,20.05194961,exchange_ohlc
1788570000000,79588.3,79725.7,79561.3,79564.7,15.237496,exchange_ohlc
1788573600000,79556.9,79636.5,79500.0,79598.9,21.96146844,exchange_ohlc
1788577200000,79598.9,79644.2,79535.6,79602.0,23.29154196,exchange_ohlc
1788580800000,79602.0,79605.9,79513.9,79529.1,20.70482831,exchange_ohlc
1788584400000,79529.1,79615.4,79462.0,79595.4,19.51854045,exchange_ohlc
1788588000000,79595.4,79727.4,79595.4,79670.8,11.23478918,exchange_ohlc
1788591600000,79670.8,79771.9,79650.0,79720.9,16.35595013,exchange_ohlc
1788595200000,79720.9,79733.6,79572.1,79654.4,32.23889452,exchange_ohlc
1788598800000,79654.5,79733.0,79610.5,79632.9,10.83180833,exchange_ohlc
1788602400000,79632.9,79667.7,79600.6,79618.6,10.650956,exchange_ohlc
1788606000000,79618.6,79682.9,79613.6,79618.5,17.88243416,exchange_ohlc
1788609600000,79618.6,79779.4,79618.5,79731.8,15.5369508,exchange_ohlc
1788613200000,79731.8,79774.4,79551.9,79634.2,78.75085541,exchange_ohlc
1788616800000,79634.3,79753.9,79634.3,79732.9,10.71476232,exchange_ohlc
1788620400000,79727.7,79828.9,79690.3,79814.3,241.92715212,exchange_ohlc
1788624000000,79814.3,80206.7,79768.6,80043.8,90.46536413,exchange_ohlc
1788627600000,80044.7,80173.9,79986.6,80070.5,57.2533596,exchange_ohlc
1788631200000,80070.5,80085.5,79931.3,80001.7,34.92764345,exchange_ohlc
1788634800000,80001.8,80001.8,79711.8,79752.7,80.02729057,exchange_ohlc
1788638400000,79752.7,79844.7,79701.5,79745.0,89.5351947,exchange_ohlc
1788642000000,79745.1,79936.4,79730.2,79929.6,30.7158405,exchange_ohlc
1788645600000,79919.7,79951.2,79766.7,79789.8,44.42412887,exchange_ohlc
1788649200000,79789.9,79911.4,79731.1,79828.4,20.84604484,exchange_ohlc
1788652800000,79828.4,79940.7,79828.4,79879.5,24.60171584,exchange_ohlc
1788656400000,79879.5,80062.4,79879.5,79958.4,25.56634003,exchange_ohlc
1788660000000,79958.4,80017.7,79881.0,79914.2,11.77251749,exchange_ohlc
1788663600000,79914.2,80130.7,79893.9,80039.9,54.61548707,exchange_ohlc
1788667200000,80039.9,80039.9,79864.9,79865.0,31.17707154,exchange_ohlc
1788670800000,79865.0,80100.0,79794.5,79993.5,93.73745893,exchange_ohlc
1788674400000,79997.0,80003.8,79705.0,79764.7,25.77188292,exchange_ohlc
1788678000000,79772.4,79856.4,79650.0,79820.6,127.82154091,exchange_ohlc
1788681600000,79815.8,79894.5,79762.6,79844.0,20.49503603,exchange_ohlc
1788685200000,79844.0,79994.3,79816.1,79889.4,133.50058322,exchange_ohlc
1788688800000,79889.4,80025.0,79889.3,80008.2,14.83004797,exchange_ohlc
1788692400000,80008.3,80008.3,79904.7,79919.4,45.3679877,exchange_ohlc
1788696000000,79919.4,80011.0,79859.6,79920.1,36.90180345,exchange_ohlc
1788699600000,79920.1,79964.5,79755.1,79829.3,19.72362541,exchange_ohlc
1788703200000,79829.3,79841.4,79237.1,79546.6,318.00910836,exchange_ohlc
1788706800000,79546.7,79724.0,79393.8,79709.2,52.65849393,exchange_ohlc
1788710400000,79709.2,79767.8,79608.9,79681.1,26.22350528,exchange_ohlc
1788714000000,79681.2,79771.3,79588.7,79735.7,44.97192311,exchange_ohlc
1788717600000,79735.7,79952.8,79735.7,79942.4,44.08783919,exchange_ohlc
1788721200000,79942.4,79942.4,79798.8,79825.1,41.58018306,exchange_ohlc
1788724800000,79825.2,79952.8,79778.4,79909.2,95.42797165,exchange_ohlc
1788728400000,79909.2,80033.4,79870.7,79942.3,86.47151473,exchange_ohlc
1788732000000,79942.3,80050.0,79627.3,80042.0,237.41899215,exchange_ohlc
1788735600000,80042.1,80541.2,80006.4,80334.3,84.48166075,exchange_ohlc
1788739200000,80334.4,80435.0,80056.4,80144.3,63.36926613,exchange_ohlc
1788742800000,80147.9,80234.2,79850.0,79917.6,62.76855755,exchange_ohlc
1788746400000,79917.7,80402.0,79800.3,79868.7,61.00941791,exchange_ohlc
1788750000000,79868.8,79969.5,79558.1,79581.9,195.48534536,exchange_ohlc
1788753600000,79582.0,79711.2,79530.0,79711.2,33.65767333,exchange_ohlc
1788757200000,79711.2,79904.4,79651.9,79739.0,29.73260573,exchange_ohlc
1788760800000,79739.1,79814.7,79644.5,79646.3,32.62687693,exchange_ohlc
1788764400000,79646.3,79683.8,79011.0,79380.8,167.72320343,exchange_ohlc
1788768000000,79380.8,79515.5,79380.8,79424.8,39.77382865,exchange_ohlc
1788771600000,79424.8,79528.9,79292.6,79294.6,28.79634147,exchange_ohlc
1788775200000,79294.6,79448.2,79294.6,79354.7,28.61263319,exchange_ohlc
1788778800000,79354.7,79470.7,79285.7,79410.5,20.58451183,exchange_ohlc
1788782400000,79410.5,79608.9,79403.5,79606.5,30.42531634,exchange_ohlc
1788786000000,79606.4,79633.9,79300.0,79346.7,35.39598502,exchange_ohlc
1788789600000,79346.8,79389.0,78960.6,79180.4,155.33837828,exchange_ohlc
1788793200000,79180.4,79180.4,78673.1,78805.5,175.15482199,exchange_ohlc
1788796800000,78805.6,79020.6,78786.2,79011.5,101.26799688,exchange_ohlc
1788800400000,79011.6,79200.0,78995.6,79173.6,40.93282154,exchange_ohlc
1788804000000,79175.0,79233.6,79090.8,79189.7,34.88708513,exchange_ohlc
1788807600000,79188.1,79395.4,79146.4,79353.8,45.43225076,exchange_ohlc
1788811200000,79353.9,79380.0,79157.4,79224.7,31.11307128,exchange_ohlc
1788814800000,79224.8,79257.1,79152.7,79156.5,21.17808044,exchange_ohlc
1788818400000,79156.6,79197.8,78779.6,78940.8,58.51313167,exchange_ohlc
1788822000000,78940.7,79194.0,78913.2,79090.3,29.90906449,exchange_ohlc
1788825600000,79090.4,79287.0,78950.6,79285.2,48.17826906,exchange_ohlc
1788829200000,79287.0,79441.3,79237.9,79411.9,57.76278338,exchange_ohlc
1788832800000,79420.4,79498.0,78913.2,78913.2,43.53736914,exchange_ohlc
1788836400000,78913.0,78991.7,78713.2,78905.0,58.28644971,exchange_ohlc
1788840000000,78886.5,78909.4,78651.8,78656.6,60.78414155,exchange_ohlc
1788843600000,78656.6,78850.5,78514.3,78555.8,116.82238622,exchange_ohlc
1788847200000,78555.9,78604.7,78251.1,78303.5,79.10623082,exchange_ohlc
1788850800000,78303.2,78567.4,78166.6,78447.4,55.91535195,exchange_ohlc
1788854400000,78447.5,78553.8,78259.9,78368.1,57.41650812,exchange_ohlc
1788858000000,78382.0,78778.1,78310.3,78733.2,36.58356915,exchange_ohlc
1788861600000,78732.4,78967.9,78538.1,78538.1,62.85257408,exchange_ohlc
1788865200000,78538.2,78553.5,78269.8,78402.1,57.61210704,exchange_ohlc
1788868800000,78402.1,78449.0,78188.8,78421.9,54.11986514,exchange_ohlc
1788872400000,78424.2,78518.7,77609.4,77932.6,299.28759184,exchange_ohlc
1788876000000,77932.7,78586.0,77835.4,78534.0,195.258941,exchange_ohlc
1788879600000,78534.1,78893.4,78435.0,78893.4,154.26997096,exchange_ohlc
1788883200000,78893.3,78958.3,78577.2,78730.0,93.39548367,exchange_ohlc
1788886800000,78730.0,78876.9,78487.3,78491.7,98.56943261,exchange_ohlc
1788890400000,78495.6,78802.5,78292.1,78426.8,100.48168345,exchange_ohlc
1788894000000,78426.8,78520.7,78314.7,78438.1,122.18542448,exchange_ohlc
1788897600000,78438.4,78600.0,78411.4,78482.4,79.48749815,exchange_ohlc
1788901200000,78482.5,78600.0,78399.5,78485.0,46.7982759,exchange_ohlc
1788904800000,78485.0,78639.5,78443.8,78544.9,59.64961929,exchange_ohlc
1788908400000,78548.0,78565.3,78400.2,78449.6,16.80405283,exchange_ohlc
1788912000000,78449.6,78787.9,78443.2,78762.1,43.66553439,exchange_ohlc
1788915600000,78762.1,78878.4,78636.6,78878.4,33.07517896,exchange_ohlc
1788919200000,78878.4,78917.3,78683.6,78716.0,29.60189606,exchange_ohlc
1788922800000,78716.0,78716.0,78545.5,78631.5,25.67784858,exchange_ohlc
1788926400000,78631.5,79199.5,78631.4,79153.4,94.38322136,exchange_ohlc
1788930000000,79153.5,79347.8,78844.9,78927.5,53.20727505,exchange_ohlc
1788933600000,78916.8,79270.7,78844.9,79155.6,24.33487682,exchange_ohlc
1788937200000,79155.7,79364.8,79143.4,79262.5,42.92111401,exchange_ohlc
1788940800000,79262.5,79739.1,79251.2,79688.3,86.97824048,exchange_ohlc
1788944400000,79688.4,79701.0,78871.6,78935.3,49.19104452,exchange_ohlc
1788948000000,78935.3,79174.0,78856.2,78911.0,36.20739808,exchange_ohlc
1788951600000,78911.0,79351.8,78718.5,79310.9,61.27507191,exchange_ohlc
1788955200000,79304.4,79634.8,79268.9,79586.0,59.49014551,exchange_ohlc
1788958800000,79586.0,79653.1,79091.9,79125.4,87.42300073,exchange_ohlc
1788962400000,79125.3,79401.8,78851.1,78946.3,140.7776774,exchange_ohlc
1788966000000,78946.2,79368.3,78056.0,78576.6,345.49959075,exchange_ohlc
1788969600000,78576.7,78900.0,78434.6,78785.1,67.44556757,exchange_ohlc
1788973200000,78785.1,78918.0,78660.1,78749.6,349.87924369,exchange_ohlc
1788976800000,78749.7,78750.0,78394.4,78395.9,123.72803745,exchange_ohlc
1788980400000,78395.9,78562.1,78146.0,78210.6,68.92071227,exchange_ohlc
1788984000000,78210.6,78324.6,77932.6,78300.0,187.80167619,exchange_ohlc
1788987600000,78300.0,78317.3,78000.0,78125.3,84.98415293,exchange_ohlc
1788991200000,78125.3,78178.5,77754.9,77909.3,138.59602174,exchange_ohlc
1788994800000,77897.5,78288.6,77893.7,78288.6,30.9948383,exchange_ohlc
1788998400000,78288.6,78348.1,78082.8,78154.2,79.04763507,exchange_ohlc
1789002000000,78154.3,78476.6,77932.4,78069.1,66.76930205,exchange_ohlc
1789005600000,78069.2,78336.5,77953.9,78330.1,36.85785038,exchange_ohlc
1789009200000,78330.1,78500.0,78240.4,78297.6,38.55503656,exchange_ohlc
1789012800000,78297.6,78411.0,78267.6,78365.2,9.75047259,exchange_ohlc
1789016400000,78365.1,78500.0,78241.6,78496.0,164.07725524,exchange_ohlc
1789020000000,78500.0,78500.0,78128.6,78395.1,27.20905332,exchange_ohlc
1789023600000,78395.1,78395.1,77900.0,78088.5,95.74998047,exchange_ohlc
1789027200000,78088.5,78144.5,78004.5,78078.7,67.17801561,exchange_ohlc
1789030800000,78083.2,78194.3,77895.0,77963.5,25.2343508,exchange_ohlc
1789034400000,77966.7,78022.6,77801.7,77836.0,28.28255964,exchange_ohlc
1789038000000,77835.9,78039.0,77683.7,77815.2,79.93793406,exchange_ohlc
1789041600000,77812.4,77930.6,76677.0,76867.2,526.40054896,exchange_ohlc
1789045200000,76867.2,77206.4,76722.0,77152.4,292.23845352,exchange_ohlc
1789048800000,77152.4,77399.8,76926.5,77371.1,210.03654285,exchange_ohlc
1789052400000,77371.2,77374.3,77066.8,77225.1,74.21979074,exchange_ohlc
1789056000000,77225.8,77279.2,76763.1,77159.8,148.75362767,exchange_ohlc
1789059600000,77159.9,77512.7,77084.6,77289.2,140.05387294,exchange_ohlc
1789063200000,77288.5,77305.3,76950.1,77219.5,58.41895694,exchange_ohlc
1789066800000,77219.6,77267.3,77045.1,77132.7,149.16035225,exchange_ohlc
1789070400000,77129.6,77322.4,77083.2,77249.5,96.7831019,exchange_ohlc
1789074000000,77249.5,77283.9,77081.6,77132.4,33.25620641,exchange_ohlc
1789077600000,77126.8,77192.2,76790.7,76802.8,56.53060535,exchange_ohlc
1789081200000,76802.9,76846.8,76466.0,76542.0,121.05924281,exchange_ohlc
1789084800000,76542.0,76900.0,76534.3,76883.6,83.14960885,exchange_ohlc
1789088400000,76884.2,76975.1,76642.4,76949.3,33.97147994,exchange_ohlc
1789092000000,76949.3,76983.0,76737.4,76814.7,25.86247145,exchange_ohlc
1789095600000,76814.7,76866.3,76671.4,76860.8,23.19643284,exchange_ohlc
1789099200000,76860.8,77167.0,76850.9,77100.0,70.18635279,exchange_ohlc
1789102800000,77100.1,77224.9,77022.5,77224.8,35.33326502,exchange_ohlc
1789106400000,77224.9,77391.9,77142.2,77263.5,29.74029163,exchange_ohlc
1789110000000,77263.5,77373.9,77150.0,77207.3,134.4281201,exchange_ohlc
1789113600000,77207.3,77466.2,77094.9,77337.5,69.32315255,exchange_ohlc
1789117200000,77337.5,77344.5,76839.5,77023.6,45.06546106,exchange_ohlc
1789120800000,77023.6,77128.7,76945.6,76971.4,48.11680621,exchange_ohlc
1789124400000,76971.4,77000.0,76726.3,77000.0,51.44099904,exchange_ohlc
1789128000000,77000.0,78100.0,76000.0,78019.6,509.24862131,exchange_ohlc
1789131600000,78002.7,79329.1,77234.2,79173.2,541.46556483,exchange_ohlc
1789135200000,79192.0,79832.3,78476.3,78774.3,348.6693743,exchange_ohlc
1789138800000,78773.4,78815.5,77276.7,77704.7,318.8723776,exchange_ohlc
1789142400000,77704.8,78041.0,77380.4,77898.5,299.95193143,exchange_ohlc
1789146000000,77895.5,77943.5,77475.5,77508.7,174.84234184,exchange_ohlc
1789149600000,77508.8,77521.9,76821.1,77032.3,280.91376669,exchange_ohlc
1789153200000,77030.0,77345.5,76983.8,77260.6,79.84137817,exchange_ohlc
1789156800000,77267.7,77466.1,77181.1,77315.4,39.59315691,exchange_ohlc
1789160400000,77315.4,77405.7,77061.5,77099.4,34.59785324,exchange_ohlc
1789164000000,77102.1,77219.4,76965.9,77127.3,56.46177455,exchange_ohlc
1789167600000,77127.4,77212.1,77101.7,77210.9,17.37291007,exchange_ohlc
1789171200000,77210.9,77313.0,77194.4,77285.7,15.3011778,exchange_ohlc
1789174800000,77285.7,77371.7,77247.2,77251.0,24.54589055,exchange_ohlc
1789178400000,77251.0,77303.7,77203.2,77273.8,26.51507481,exchange_ohlc
1789182000000,77270.3,77327.1,77220.3,77262.0,32.06959835,exchange_ohlc
1789185600000,77262.0,77304.0,77203.3,77212.6,20.25552685,exchange_ohlc
1789189200000,77212.7,77249.8,77148.1,77200.5,30.14911888,exchange_ohlc
1789192800000,77200.5,77345.7,77189.7,77279.1,19.01971618,exchange_ohlc
1789196400000,77279.2,77332.5,77242.9,77253.8,49.31486616,exchange_ohlc
1789200000000,77253.8,77354.9,77245.2,77340.4,26.75074815,exchange_ohlc
1789203600000,77340.4,77361.0,77305.2,77329.1,17.82994759,exchange_ohlc
1789207200000,77329.1,77371.0,77300.0,77310.7,13.9774306,exchange_ohlc
1789210800000,77310.8,77343.2,77271.3,77337.7,11.06105709,exchange_ohlc
1789214400000,77337.7,77346.8,77268.9,77318.7,18.28467559,exchange_ohlc
1789218000000,77318.8,77371.0,77241.7,77346.2,26.28351374,exchange_ohlc
1789221600000,77346.2,77490.0,77344.9,77443.9,81.50878066,exchange_ohlc
1789225200000,77443.9,77462.6,77350.0,77366.4,27.38183299,exchange_ohlc
1789228800000,77366.5,77398.5,77323.1,77344.6,12.68548544,exchange_ohlc
1789232400000,77344.6,77380.9,77160.0,77194.6,19.13079873,exchange_ohlc
1789236000000,77194.7,77203.3,77105.3,77124.4,37.10020178,exchange_ohlc
1789239600000,77124.4,77172.7,77050.0,77104.6,17.87523302,exchange_ohlc
1789243200000,77104.6,77207.2,77104.6,77146.4,8.46572206,exchange_ohlc
1789246800000,77146.6,77250.0,77134.9,77233.9,16.42041161,exchange_ohlc
1789250400000,77233.9,77283.8,77177.0,77219.1,15.18100769,exchange_ohlc
1789254000000,77219.1,77280.0,77218.4,77264.9,6.51199247,exchange_ohlc
1789257600000,77264.2,77289.1,77143.9,77257.0,29.41921162,exchange_ohlc
1789261200000,77257.0,77315.0,77221.3,77300.7,12.33599474,exchange_ohlc
1789264800000,77300.7,77300.7,77224.8,77265.9,9.65259285,exchange_ohlc
1789268400000,77265.9,77301.2,77168.2,77177.2,8.01873278,exchange_ohlc
1789272000000,77177.2,77241.0,77177.0,77191.1,13.35909877,exchange_ohlc
1789275600000,77191.1,77303.1,77191.0,77299.8,6.05423188,exchange_ohlc
1789279200000,77299.8,77299.8,77032.9,77095.0,16.20766936,exchange_ohlc
1789282800000,77095.0,77157.8,77070.6,77103.4,10.14160993,exchange_ohlc
1789286400000,77103.6,77149.5,76732.4,76782.1,138.2366945,exchange_ohlc
1789290000000,76782.1,76873.6,76500.1,76771.7,58.08753623,exchange_ohlc
1789293600000,76771.7,76787.0,76591.1,76649.0,44.27061663,exchange_ohlc
1789297200000,76646.4,76773.2,76459.7,76749.4,258.77497492,exchange_ohlc
1789300800000,76755.0,76834.0,76658.8,76726.1,28.93654627,exchange_ohlc
1789304400000,76726.1,76885.8,76528.1,76822.8,27.17162043,exchange_ohlc
1789308000000,76822.8,77215.7,76821.3,77177.7,30.19727398,exchange_ohlc
1789311600000,77177.7,77181.1,76986.1,77106.2,37.92919271,exchange_ohlc
1789315200000,77106.2,77325.0,77103.6,77258.0,28.60327023,exchange_ohlc
1789318800000,77258.1,77375.0,77209.8,77298.9,32.91180128,exchange_ohlc
1789322400000,77298.9,77358.1,77276.6,77316.6,23.85285442,exchange_ohlc
1789326000000,77316.7,77375.0,77195.1,77253.8,38.18365716,exchange_ohlc
1789329600000,77253.9,77340.0,77234.0,77311.5,25.74345865,exchange_ohlc
1789333200000,77319.4,77400.0,77276.6,77278.3,39.78599148,exchange_ohlc
1789336800000,77278.3,77286.9,76645.0,76680.3,121.78470366,exchange_ohlc
1789340400000,76680.3,76838.7,76600.0,76800.2,42.79327166,exchange_ohlc
1789344000000,76800.2,77032.6,76349.8,76775.3,57.57188623,exchange_ohlc
1789347600000,76775.3,77117.7,76611.9,77075.8,29.60170484,exchange_ohlc
1789351200000,77075.9,77650.0,76984.4,77565.8,256.70097412,exchange_ohlc
1789354800000,77565.8,77825.8,77500.0,77560.2,126.46262235,exchange_ohlc
1789358400000,77560.2,77681.7,77502.5,77655.4,99.19592257,exchange_ohlc
1789362000000,77655.5,77666.3,77451.3,77577.4,61.57889042,exchange_ohlc
1789365600000,77581.2,77829.5,77350.0,77553.0,427.79976268,exchange_ohlc
1789369200000,77557.6,77850.0,77498.2,77850.0,30.44464465,exchange_ohlc
1789372800000,77850.0,77960.2,77624.4,77702.8,69.10249375,exchange_ohlc
1789376400000,77702.9,78338.7,77558.8,78114.3,90.25093881,exchange_ohlc
1789380000000,78120.3,78139.0,77861.9,77867.4,51.3031297,exchange_ohlc
1789383600000,77867.5,77895.9,77652.6,77742.0,50.95932718,exchange_ohlc
1789387200000,77744.6,78043.9,77600.0,77660.6,79.99108995,exchange_ohlc
1789390800000,77660.7,78457.7,77447.7,78135.3,163.01185481,exchange_ohlc
1789394400000,78144.4,78665.2,78144.3,78490.8,433.46792374,exchange_ohlc
1789398000000,78490.8,78650.0,78275.7,78553.6,343.92182218,exchange_ohlc
1789401600000,78553.7,78875.0,78403.8,78759.8,225.61803277,exchange_ohlc
1789405200000,78759.9,79027.8,78704.4,78931.6,80.93310152,exchange_ohlc
1789408800000,78934.6,79309.7,78833.4,79218.1,264.77836828,exchange_ohlc
1789412400000,79218.1,79237.1,79000.0,79000.0,216.55309424,exchange_ohlc
1789416000000,79000.1,79581.2,78990.9,79090.0,225.56459441,exchange_ohlc
1789419600000,79090.0,79097.9,78737.0,78750.0,258.89794588,exchange_ohlc
1789423200000,78750.0,78838.0,78504.3,78541.0,79.93222933,exchange_ohlc
1789426800000,78541.0,78561.1,78115.7,78193.1,152.01604683,exchange_ohlc
1789430400000,78184.2,78242.1,77910.3,77944.3,67.70889402,exchange_ohlc
1789434000000,77944.4,78058.2,77736.4,77897.4,54.0049155,exchange_ohlc
1789437600000,77897.5,78002.5,77771.3,77870.9,51.42344822,exchange_ohlc
1789441200000,77880.2,77880.2,77633.9,77657.0,53.6251382,exchange_ohlc
1789444800000,77657.0,77722.9,77518.4,77552.6,52.98222198,exchange_ohlc
1789448400000,77552.6,77648.4,77283.9,77607.2,71.14317645,exchange_ohlc
1789452000000,77607.2,77706.5,77172.0,77249.0,35.93683779,exchange_ohlc
1789455600000,77251.9,77287.0,76847.4,76885.5,150.55250429,exchange_ohlc
1789459200000,76888.0,76960.0,76666.4,76959.9,299.00291288,exchange_ohlc
1789462800000,76960.0,77028.4,76832.3,76952.0,107.94644339,exchange_ohlc
1789466400000,76952.1,77141.5,76835.4,77019.2,133.27750404,exchange_ohlc
1789470000000,77019.2,77178.5,76815.2,76910.6,39.04447665,exchange_ohlc
1789473600000,76910.6,77100.0,76831.5,76930.0,75.96636047,exchange_ohlc
1789477200000,76919.8,77099.1,76094.4,76575.8,371.41168638,exchange_ohlc
1789480800000,76578.0,76675.0,75561.0,75892.9,389.17523494,exchange_ohlc
1789484400000,75894.1,76564.3,75789.0,76469.0,229.96621535,exchange_ohlc
1789488000000,76469.0,76526.3,76215.9,76336.5,193.00704308,exchange_ohlc
1789491600000,76336.5,77321.2,76140.1,76919.7,218.78089186,exchange_ohlc
1789495200000,76919.8,77152.1,74891.5,75935.6,639.7785867,exchange_ohlc
1789498800000,75935.4,76255.0,75768.0,76105.3,207.32248209,exchange_ohlc
1789502400000,76105.4,76185.0,75565.9,75874.3,126.00477997,exchange_ohlc
1789506000000,75874.4,75897.3,75332.2,75417.2,123.46987957,exchange_ohlc
1789509600000,75403.7,75692.8,75088.3,75618.0,138.55876694,exchange_ohlc
1789513200000,75618.1,75886.9,75517.0,75585.1,99.35385617,exchange_ohlc
1789516800000,75585.1,75862.7,75526.6,75718.4,56.01179993,exchange_ohlc
1789520400000,75718.5,75899.9,75402.1,75436.1,71.8152406,exchange_ohlc
1789524000000,75436.1,76040.7,75423.9,75826.6,77.85681423,exchange_ohlc
1789527600000,75826.6,76011.4,75700.6,75766.6,24.62160406,exchange_ohlc
1789531200000,75766.6,75967.3,75756.0,75800.6,78.3485317,exchange_ohlc
1789534800000,75800.6,75916.3,75618.5,75905.6,70.21205146,exchange_ohlc
1789538400000,75905.6,75968.8,75763.5,75950.0,32.06775832,exchange_ohlc
1789542000000,75950.0,76020.0,75672.4,75704.0,233.28743211,exchange_ohlc
1789545600000,75704.1,75704.1,75300.0,75670.9,176.41970825,exchange_ohlc
1789549200000,75671.0,75922.1,75656.1,75920.0,172.28144102,exchange_ohlc
1789552800000,75921.4,75973.8,75827.4,75901.5,22.92299849,exchange_ohlc
1789556400000,75903.6,76230.6,75815.1,76179.9,34.0046838,exchange_ohlc
1789560000000,76179.9,76239.1,75734.5,75900.0,54.23802924,exchange_ohlc
1789563600000,75899.8,75899.8,75500.8,75579.7,125.65885537,exchange_ohlc
1789567200000,75581.2,75764.9,75366.6,75624.7,117.62936509,exchange_ohlc
1789570800000,75624.8,75883.8,75492.4,75732.9,123.51949915,exchange_ohlc
1789574400000,75732.9,75823.2,75600.0,75703.2,79.32801773,exchange_ohlc
1789578000000,75703.2,75831.6,75285.2,75630.8,134.504717,exchange_ohlc
1789581600000,75664.0,76475.0,74957.2,75559.5,447.97816176,exchange_ohlc
1789585200000,75564.5,76103.5,75195.0,76012.4,323.03821898,exchange_ohlc
1789588800000,75999.9,76350.2,75950.4,76105.6,110.13128603,exchange_ohlc
1789592400000,76105.6,76146.3,75865.7,75910.5,35.01041531,exchange_ohlc
1789596000000,75910.6,75927.5,75600.0,75615.7,120.40135342,exchange_ohlc
1789599600000,75615.7,76212.3,75600.0,76146.1,116.69307856,exchange_ohlc
1789603200000,76146.2,76437.6,76120.6,76276.2,86.53018721,exchange_ohlc
1789606800000,76272.5,76704.5,76154.6,76304.4,122.27553596,exchange_ohlc
1789610400000,76304.5,76418.7,76000.2,76303.1,89.39428776,exchange_ohlc
1789614000000,76303.1,76450.0,76303.0,76368.8,17.66203277,exchange_ohlc
1789617600000,76368.8,76513.4,76108.7,76464.4,37.23281706,exchange_ohlc
1789621200000,76464.5,76542.1,76237.0,76255.2,26.3946968,exchange_ohlc
1789624800000,76255.2,76517.9,76230.0,76401.5,58.7310841,exchange_ohlc
1789628400000,76401.5,76606.6,76350.0,76385.6,34.42667356,exchange_ohlc
1789632000000,76385.7,76520.2,76320.0,76493.9,35.94363714,exchange_ohlc
1789635600000,76493.9,76689.3,76396.5,76400.0,63.76075141,exchange_ohlc
1789639200000,76400.0,76400.0,76200.0,76337.1,61.38538228,exchange_ohlc
1789642800000,76337.2,76406.9,76102.9,76406.9,56.55946698,exchange_ohlc
1789646400000,76398.3,77095.3,76331.0,76662.3,143.72096652,exchange_ohlc
1789650000000,76662.4,76821.3,75936.5,76612.4,177.79202057,exchange_ohlc
1789653600000,76612.5,77006.7,76304.3,76432.2,174.07344571,exchange_ohlc
1789657200000,76432.2,76781.4,76203.3,76695.3,117.31692306,exchange_ohlc
1789660800000,76708.0,76744.5,76459.5,76683.1,78.33740882,exchange_ohlc
1789664400000,76683.1,76900.0,76511.7,76604.1,145.29868956,exchange_ohlc
1789668000000,76604.1,76718.5,76404.7,76505.1,76.4222815,exchange_ohlc
1789671600000,76505.2,76616.9,76438.0,76527.8,52.25088101,exchange_ohlc
1789675200000,76533.2,76672.8,76430.5,76500.0,70.35912441,exchange_ohlc
1789678800000,76500.5,76547.7,76334.3,76345.3,22.79221632,exchange_ohlc
1789682400000,76345.3,76401.1,76200.0,76355.2,78.2009374,exchange_ohlc
1789686000000,76355.2,76446.0,76320.3,76354.8,30.53204393,exchange_ohlc
1789689600000,76354.7,76527.9,76231.0,76527.8,75.39354003,exchange_ohlc
1789693200000,76527.9,76699.7,76448.7,76674.8,37.6888461,exchange_ohlc
1789696800000,76674.9,76968.6,76570.8,76912.9,101.26068451,exchange_ohlc
1789700400000,76912.9,77530.3,76907.1,77303.0,164.71507593,exchange_ohlc
1789704000000,77309.7,77489.1,77148.7,77489.1,106.01474459,exchange_ohlc
1789707600000,77495.1,77633.7,77370.2,77428.3,73.67416907,exchange_ohlc
1789711200000,77428.3,77607.6,77339.8,77537.4,109.02139602,exchange_ohlc
1789714800000,77537.3,77773.5,77500.2,77727.4,94.95073237,exchange_ohlc
1789718400000,77727.5,78196.1,77587.7,78196.1,107.28680184,exchange_ohlc
1789722000000,78196.2,78414.5,77950.9,78145.2,111.40516712,exchange_ohlc
1789725600000,78145.3,78298.4,78041.3,78222.4,83.9477903,exchange_ohlc
1789729200000,78222.4,78365.0,77952.3,77993.0,89.33094256,exchange_ohlc
1789732800000,77993.0,78116.1,77923.1,77978.7,70.15552182,exchange_ohlc
1789736400000,77978.8,80432.0,77900.0,80004.6,534.76255462,exchange_ohlc
1789740000000,80009.3,80937.5,80009.3,80896.0,648.10981974,exchange_ohlc
1789743600000,80896.0,81118.0,80468.9,80693.8,386.61155741,exchange_ohlc
1789747200000,80693.6,81232.3,80626.0,80822.9,359.40657493,exchange_ohlc
1789750800000,80822.9,80992.4,80546.7,80988.9,244.23366197,exchange_ohlc
1789754400000,80993.9,81128.6,80784.8,80907.7,265.54329613,exchange_ohlc
1789758000000,80924.5,81373.8,80889.0,81190.7,403.50982776,exchange_ohlc
1789761600000,81200.4,81212.9,80923.4,81096.6,126.4156451,exchange_ohlc
1789765200000,81100.0,81278.7,81080.3,81219.2,56.93991474,exchange_ohlc
1789768800000,81219.2,81350.5,81061.3,81114.0,86.32412407,exchange_ohlc
1789772400000,81122.9,81187.3,80837.5,80878.1,162.01943466,exchange_ohlc
1789776000000,80878.1,81647.0,80823.7,81647.0,105.77589575,exchange_ohlc
1789779600000,81647.0,81705.2,81035.5,81263.8,128.36035955,exchange_ohlc
1789783200000,81263.9,81426.8,81232.0,81274.1,60.66160814,exchange_ohlc
1789786800000,81275.8,81371.0,81083.8,81104.5,301.97157639,exchange_ohlc
1789790400000,81104.5,81203.9,80900.0,81001.5,84.19198877,exchange_ohlc
1789794000000,81001.5,81116.4,80986.3,81022.5,41.93993602,exchange_ohlc
1789797600000,81021.0,81079.5,80900.1,81024.8,30.81314918,exchange_ohlc
1789801200000,81025.0,81225.8,81000.8,81067.1,31.89680126,exchange_ohlc
1789804800000,81072.8,81377.7,81041.2,81291.7,37.33230724,exchange_ohlc
1789808400000,81293.3,81498.2,81228.4,81299.0,41.04323985,exchange_ohlc
1789812000000,81299.0,81306.0,81177.9,81192.7,64.11150177,exchange_ohlc
1789815600000,81192.7,81350.0,81192.6,81283.2,25.73953473,exchange_ohlc
1789819200000,81283.2,81340.3,81194.7,81310.1,37.18153806,exchange_ohlc
1789822800000,81310.2,81333.3,81152.7,81321.2,38.06586454,exchange_ohlc
1789826400000,81321.3,81597.5,81305.9,81552.4,91.43068699,exchange_ohlc
1789830000000,81552.5,81915.0,81541.1,81608.6,94.57152301,exchange_ohlc
1789833600000,81608.7,81882.0,81453.3,81811.2,48.20299335,exchange_ohlc
1789837200000,81811.3,81829.1,81414.3,81438.0,54.79233942,exchange_ohlc
1789840800000,81438.1,81521.5,81310.8,81414.4,53.22280717,exchange_ohlc
1789844400000,81414.5,81446.0,81294.6,81341.4,30.05677637,exchange_ohlc
1789848000000,81341.4,81400.0,81054.3,81129.8,89.86211648,exchange_ohlc
1789851600000,81129.8,81200.0,80878.0,81072.4,101.48109978,exchange_ohlc
1789855200000,81072.5,81240.0,80943.6,81230.8,30.75192522,exchange_ohlc
1789858800000,81230.9,81347.4,81189.2,81226.5,52.67164515,exchange_ohlc
1789862400000,81234.9,81302.8,81180.3,81265.1,41.59539991,exchange_ohlc
1789866000000,81259.1,81273.3,81000.3,81072.3,47.9022856,exchange_ohlc
1789869600000,81072.7,81124.8,80203.4,80302.4,147.98824111,exchange_ohlc
1789873200000,80308.8,80495.4,80101.0,80463.0,96.90386608,exchange_ohlc
1789876800000,80463.0,80503.8,80281.8,80400.7,30.05322102,exchange_ohlc
1789880400000,80402.4,80600.0,80400.0,80460.0,73.67912551,exchange_ohlc
1789884000000,80460.0,80576.5,80196.9,80288.0,58.32693517,exchange_ohlc
1789887600000,80288.0,80384.7,80252.8,80285.5,21.55413775,exchange_ohlc
1789891200000,80285.6,80425.2,80142.1,80234.2,23.15793413,exchange_ohlc
1789894800000,80234.3,80550.1,80218.6,80435.6,80.36308234,exchange_ohlc
1789898400000,80435.7,80487.3,80291.7,80295.5,17.0369225,exchange_ohlc
1789902000000,80295.5,80499.9,80249.7,80464.4,28.35751436,exchange_ohlc
1789905600000,80464.3,80500.0,80292.6,80464.8,19.28483802,exchange_ohlc
1789909200000,80464.8,80613.9,80400.1,80535.2,22.05553982,exchange_ohlc
1789912800000,80535.2,80752.0,80394.4,80650.2,56.84439079,exchange_ohlc
1789916400000,80650.3,80942.4,80639.6,80878.6,108.68749215,exchange_ohlc
1789920000000,80878.6,81458.4,80779.9,81306.9,127.61747868,exchange_ohlc
1789923600000,81307.0,81440.2,81060.1,81129.9,64.29714861,exchange_ohlc
1789927200000,81129.9,81297.8,81011.0,81020.9,93.69718171,exchange_ohlc
1789930800000,81021.0,81278.1,81021.0,81157.1,103.20466752,exchange_ohlc
1789934400000,81157.2,81216.1,81056.9,81074.9,80.1292963,exchange_ohlc
1789938000000,81075.0,81075.0,80580.6,80925.5,83.08804343,exchange_ohlc
1789941600000,80925.6,81269.8,80763.8,81205.5,95.40022447,exchange_ohlc
1789945200000,81205.6,81304.3,81116.2,81164.0,52.77220498,exchange_ohlc
1789948800000,81164.0,81818.8,81160.8,81606.2,92.20695572,exchange_ohlc
1789952400000,81597.9,82074.0,80839.5,80980.6,198.99889029,exchange_ohlc
1789956000000,80980.6,81492.0,80945.4,81297.1,62.35358444,exchange_ohlc
1789959600000,81297.1,81556.2,81226.7,81409.3,33.89366261,exchange_ohlc
1789963200000,81409.3,81485.0,81210.2,81379.8,31.99683131,exchange_ohlc
1789966800000,81379.9,81764.1,81283.6,81536.2,82.14769893,exchange_ohlc
1789970400000,81536.2,81852.5,81387.1,81626.7,42.23821394,exchange_ohlc
1789974000000,81626.7,81711.8,81460.1,81704.8,85.40190004,exchange_ohlc
1789977600000,81708.2,84182.9,81708.1,83747.0,603.5367211,exchange_ohlc
1789981200000,83746.9,85256.0,83674.8,84639.0,705.34451042,exchange_ohlc
1789984800000,84639.1,84798.6,84124.0,84420.9,238.72310693,exchange_ohlc
1789988400000,84420.9,84896.1,84389.5,84870.7,124.00347575,exchange_ohlc
1789992000000,84872.0,85427.5,84824.1,85303.8,304.27970058,exchange_ohlc
1789995600000,85301.8,85836.7,84771.3,85453.1,299.72813148,exchange_ohlc
1789999200000,85453.1,86100.0,85020.5,85823.6,297.0039282,exchange_ohlc
1790002800000,85826.4,86331.0,85753.7,85927.9,291.96272891,exchange_ohlc
1790006400000,85927.9,86124.6,85603.2,85961.3,195.72297477,exchange_ohlc
1790010000000,85961.3,86119.1,85693.7,85898.3,129.0547056,exchange_ohlc
1790013600000,85898.3,86079.5,85810.0,86063.3,134.49153452,exchange_ohlc
1790017200000,86063.3,86900.0,85968.9,86489.3,352.4602536,exchange_ohlc
1790020800000,86489.5,87446.7,86489.5,86988.2,393.85844141,exchange_ohlc
1790024400000,86986.7,86986.7,86539.0,86560.0,135.90061525,exchange_ohlc
1790028000000,86560.1,86733.9,86273.3,86430.2,139.64830419,exchange_ohlc
1790031600000,86431.7,86677.0,86346.8,86593.8,51.80440236,exchange_ohlc
1790035200000,86598.0,86598.1,85839.9,85880.1,157.9400622,exchange_ohlc
1790038800000,85880.2,85939.5,85399.5,85599.7,177.60664311,exchange_ohlc
1790042400000,85599.7,85854.1,85366.1,85697.3,119.4628875,exchange_ohlc
1790046000000,85697.4,85736.7,85292.9,85676.2,70.0561901,exchange_ohlc
1790049600000,85665.4,85717.4,85404.4,85443.2,153.55688817,exchange_ohlc
1790053200000,85443.2,85583.0,85100.0,85387.6,86.41762099,exchange_ohlc
1790056800000,85389.4,85551.3,85234.4,85358.4,73.40324786,exchange_ohlc
1790060400000,85358.5,85485.9,85149.1,85336.3,79.07811256,exchange_ohlc
1790064000000,85337.3,86346.3,85317.2,86199.3,207.30941421,exchange_ohlc
1790067600000,86199.4,86238.1,85672.8,86233.7,122.55403537,exchange_ohlc
1790071200000,86235.7,86235.7,85733.7,85880.0,72.36828036,exchange_ohlc
1790074800000,85880.0,86113.2,85768.2,85965.4,67.71014668,exchange_ohlc
1790078400000,85965.5,86156.0,85763.9,86003.8,92.61605007,exchange_ohlc
1790082000000,86003.8,86341.9,85512.2,86310.5,164.15102101,exchange_ohlc
1790085600000,86310.6,86432.7,85448.1,86245.6,229.93369746,exchange_ohlc
1790089200000,86245.5,86705.3,86109.5,86403.0,268.625169,exchange_ohlc
1790092800000,86403.0,86573.2,86063.5,86448.5,203.41109597,exchange_ohlc
1790096400000,86448.5,86663.7,86255.1,86574.9,140.35890871,exchange_ohlc
1790100000000,86577.4,86655.9,86252.0,86460.1,191.46779637,exchange_ohlc
1790103600000,86468.2,86600.9,86171.0,86212.9,171.82461669,exchange_ohlc
1790107200000,86212.9,86390.9,86141.0,86280.8,133.79082474,exchange_ohlc
1790110800000,86280.8,86350.0,86174.5,86184.1,47.77266445,exchange_ohlc
1790114400000,86184.2,86281.1,86000.1,86117.1,60.19442436,exchange_ohlc
1790118000000,86117.1,86500.0,86083.1,86196.7,107.73431248,exchange_ohlc
1790121600000,86199.4,86570.2,86126.5,86450.1,45.76753475,exchange_ohlc
1790125200000,86460.9,86829.0,86166.1,86360.2,169.16962806,exchange_ohlc
1790128800000,86360.1,86627.2,86261.6,86540.9,25.34587799,exchange_ohlc
1790132400000,86529.5,86934.5,86415.1,86701.0,63.34994265,exchange_ohlc
1790136000000,86701.0,87274.4,86618.9,87154.0,135.79061104,exchange_ohlc
1790139600000,87154.1,87160.2,86422.1,86485.2,76.81394696,exchange_ohlc
1790143200000,86485.2,86603.0,86366.1,86461.0,113.266938,exchange_ohlc
1790146800000,86461.0,86461.0,85969.1,86121.8,159.24984015,exchange_ohlc
1790150400000,86121.9,86261.5,85685.6,85897.0,109.23214348,exchange_ohlc
1790154000000,85896.7,86004.0,85728.2,85843.2,50.35393853,exchange_ohlc
1790157600000,85843.2,85921.2,85645.5,85913.6,95.41723319,exchange_ohlc
1790161200000,85913.7,85956.3,85441.0,85640.0,144.09352093,exchange_ohlc
1790164800000,85640.1,85654.7,85266.0,85476.7,135.05709619,exchange_ohlc
1790168400000,85476.8,85884.1,85267.0,85775.1,128.94163426,exchange_ohlc
1790172000000,85775.1,85918.2,83828.5,84517.1,745.67702311,exchange_ohlc
1790175600000,84517.1,84781.3,83950.1,83996.0,271.90560167,exchange_ohlc
1790179200000,83996.1,84348.3,83501.0,84015.5,277.9968719,exchange_ohlc
1790182800000,84015.6,84375.3,83709.9,84311.2,184.88026636,exchange_ohlc
1790186400000,84310.3,84400.6,84113.5,84308.9,107.18826147,exchange_ohlc
1790190000000,84308.9,84555.0,84210.1,84500.0,153.97905078,exchange_ohlc
1790193600000,84500.0,84551.1,84211.5,84232.8,94.2444535,exchange_ohlc
1790197200000,84232.9,84492.0,84200.8,84409.1,91.38820808,exchange_ohlc
1790200800000,84408.2,84650.0,84331.6,84555.5,63.63350869,exchange_ohlc
1790204400000,84555.5,84563.5,84332.8,84384.6,61.90235445,exchange_ohlc
1790208000000,84384.5,84473.6,84203.9,84305.8,74.81579636,exchange_ohlc
1790211600000,84301.4,84458.5,84050.1,84089.8,145.26802219,exchange_ohlc
1790215200000,84089.8,84361.1,83730.1,84344.3,55.99852414,exchange_ohlc
1790218800000,84346.4,84455.4,83839.3,83923.3,36.91242344,exchange_ohlc
1790222400000,83923.3,84038.6,83768.6,84024.7,63.91729665,exchange_ohlc
1790226000000,84024.7,84375.4,83942.1,83955.1,171.39398819,exchange_ohlc
1790229600000,83959.0,84211.2,83911.6,84093.7,46.69400499,exchange_ohlc
1790233200000,84093.6,84579.5,83930.5,84519.2,166.76054335,exchange_ohlc
1790236800000,84519.2,84600.0,83235.8,83622.3,273.18274649,exchange_ohlc
1790240400000,83625.0,83715.2,82832.3,83243.2,293.38914931,exchange_ohlc
1790244000000,83245.0,83547.8,83132.2,83494.4,90.20641098,exchange_ohlc
1790247600000,83494.4,83587.3,83378.3,83461.7,51.75796505,exchange_ohlc
1790251200000,83461.8,83640.7,83316.1,83579.0,56.74269421,exchange_ohlc
1790254800000,83579.0,84309.9,83575.9,84230.5,177.66473716,exchange_ohlc
1790258400000,84230.8,84914.8,83348.9,83653.6,565.93341992,exchange_ohlc
1790262000000,83644.3,84445.3,83486.0,84395.8,182.42861065,exchange_ohlc
1790265600000,84399.8,84900.0,84017.4,84478.1,200.36056494,exchange_ohlc
1790269200000,84478.1,84540.4,83990.0,84084.6,137.38626137,exchange_ohlc
1790272800000,84084.6,84517.3,83866.0,84450.2,189.37136902,exchange_ohlc
1790276400000,84450.3,84624.0,84270.8,84389.2,124.74657714,exchange_ohlc
1790280000000,84389.6,84460.5,84144.9,84352.4,82.56841201,exchange_ohlc
1790283600000,84351.9,84479.0,84269.5,84320.6,27.78434777,exchange_ohlc
1790287200000,84319.5,84343.6,83938.5,84256.9,112.07088626,exchange_ohlc
1790290800000,84257.2,84441.0,84238.9,84380.0,35.50389164,exchange_ohlc
1790294400000,84380.0,84678.0,84379.9,84566.5,90.973637,exchange_ohlc
1790298000000,84566.5,84771.3,84333.0,84589.8,63.47581266,exchange_ohlc
1790301600000,84590.2,84861.8,84157.4,84198.5,118.67678098,exchange_ohlc
1790305200000,84202.7,84362.2,84047.7,84211.2,65.98325198,exchange_ohlc
1790308800000,84211.2,84278.7,84042.1,84192.7,86.83619013,exchange_ohlc
1790312400000,84192.7,84331.8,84090.0,84177.3,46.33531901,exchange_ohlc
1790316000000,84177.3,84272.6,83924.5,84024.0,68.12443542,exchange_ohlc
1790319600000,84024.0,84082.8,83740.1,84024.2,170.32056755,exchange_ohlc
1790323200000,84024.2,84482.9,84019.3,84403.4,78.41754982,exchange_ohlc
1790326800000,84403.4,84835.6,84403.4,84561.4,100.86139522,exchange_ohlc
1790330400000,84561.4,84849.9,84375.0,84705.1,53.325494,exchange_ohlc
1790334000000,84705.1,85247.4,84574.0,84574.5,241.34924162,exchange_ohlc
1790337600000,84574.5,84684.9,83886.5,84443.8,268.09045994,exchange_ohlc
1790341200000,84443.8,84552.7,83512.7,83909.4,252.09584995,exchange_ohlc
1790344800000,83909.4,84011.8,83163.6,84001.9,433.79200998,exchange_ohlc
1790348400000,84001.9,84075.9,83351.5,83777.5,159.04484404,exchange_ohlc
1790352000000,83777.6,84097.0,83706.0,83732.6,177.10097004,exchange_ohlc
1790355600000,83732.7,83969.8,83612.9,83765.4,81.1369669,exchange_ohlc
1790359200000,83765.3,84050.3,83765.3,83952.6,90.10670648,exchange_ohlc
1790362800000,83952.7,84054.4,83925.0,84008.8,154.98629935,exchange_ohlc
1790366400000,84007.4,84200.0,83830.5,83863.6,115.08300633,exchange_ohlc
1790370000000,83863.6,83910.6,83619.6,83789.6,84.9802355,exchange_ohlc
1790373600000,83785.6,84116.2,83755.4,84064.1,61.55954327,exchange_ohlc
1790377200000,84056.0,84092.4,84004.2,84090.5,21.50912782,exchange_ohlc
1790380800000,84090.5,84130.4,83777.0,83896.5,30.53875964,exchange_ohlc
1790384400000,83900.7,84072.6,83896.6,84066.8,20.94842179,exchange_ohlc
1790388000000,84066.8,84125.1,83982.8,84001.4,39.77882125,exchange_ohlc
1790391600000,84001.5,84045.7,83911.3,83935.5,22.8549541,exchange_ohlc
1790395200000,83935.5,84035.4,83841.2,83969.4,15.84848937,exchange_ohlc
1790398800000,83969.4,83989.0,83879.4,83914.2,23.4086178,exchange_ohlc
1790402400000,83914.2,83950.0,83864.7,83883.1,22.7131053,exchange_ohlc
1790406000000,83883.1,84114.9,83883.1,84100.6,86.13324743,exchange_ohlc
1790409600000,84100.6,84314.7,84013.1,84195.2,46.45288383,exchange_ohlc
1790413200000,84195.2,84199.3,83942.9,84002.4,40.00083502,exchange_ohlc
1790416800000,84006.8,84171.0,84006.8,84164.7,27.85953901,exchange_ohlc
1790420400000,84164.7,84191.1,84116.8,84164.6,21.39984331,exchange_ohlc
1790424000000,84164.6,84185.5,84028.9,84046.2,15.07527558,exchange_ohlc
1790427600000,84037.9,84112.2,83842.8,83935.3,87.24458058,exchange_ohlc
1790431200000,83935.3,84039.1,83901.8,84011.2,65.64411159,exchange_ohlc
1790434800000,84013.2,84180.0,83999.1,84142.9,81.82832825,exchange_ohlc
1790438400000,84143.0,84148.7,84081.1,84103.6,17.18529522,exchange_ohlc
1790442000000,84103.7,84126.8,84027.4,84125.8,17.10703322,exchange_ohlc
1790445600000,84125.9,84153.4,83969.1,83993.1,14.04318677,exchange_ohlc
1790449200000,83993.1,84041.8,83962.6,84007.9,14.66306182,exchange_ohlc
1790452800000,84008.0,84085.0,83816.2,84014.4,60.33604722,exchange_ohlc
1790456400000,84014.4,84241.4,84013.3,84140.2,44.87577656,exchange_ohlc
1790460000000,84140.2,84401.9,84140.2,84264.4,95.14236878,exchange_ohlc
1790463600000,84264.4,84451.3,84264.4,84426.7,39.91567381,exchange_ohlc
1790467200000,84426.8,84426.8,84235.6,84291.6,96.2551765,exchange_ohlc
1790470800000,84291.7,84555.0,84263.7,84475.1,22.11677233,exchange_ohlc
1790474400000,84475.1,84525.3,84424.6,84437.5,62.05552174,exchange_ohlc
1790478000000,84437.5,84499.9,84356.2,84380.0,22.06649032,exchange_ohlc
1790481600000,84380.0,84478.4,84280.6,84317.4,16.43720878,exchange_ohlc
1790485200000,84317.5,84618.8,84301.1,84471.2,53.1808631,exchange_ohlc
1790488800000,84452.6,84603.0,84452.5,84505.3,25.888015,exchange_ohlc
1790492400000,84497.2,84768.9,84467.7,84767.9,32.90613655,exchange_ohlc
1790496000000,84767.9,84871.3,84687.4,84774.7,72.30000548,exchange_ohlc
1790499600000,84774.7,84940.9,84576.5,84937.6,78.56632105,exchange_ohlc
1790503200000,84937.6,85104.0,84786.1,84866.5,65.41155275,exchange_ohlc
1790506800000,84862.5,84925.9,84813.3,84875.6,13.45873694,exchange_ohlc
1790510400000,84876.7,85013.4,84777.3,84778.7,33.74125767,exchange_ohlc
1790514000000,84778.7,85142.8,84621.7,85015.3,62.92522036,exchange_ohlc
1790517600000,85016.8,85036.5,84412.6,84517.7,180.69592259,exchange_ohlc
1790521200000,84517.8,84629.5,84351.6,84450.1,58.9547482,exchange_ohlc
1790524800000,84450.2,84650.4,84361.7,84409.8,46.99577682,exchange_ohlc
1790528400000,84409.9,84543.0,84314.9,84543.0,38.85852497,exchange_ohlc
1790532000000,84543.0,84800.0,84542.9,84791.9,41.16056631,exchange_ohlc
1790535600000,84792.0,84828.3,84640.7,84716.5,55.41137272,exchange_ohlc
1790539200000,84716.5,84796.8,84523.0,84529.1,57.5971547,exchange_ohlc
1790542800000,84529.2,84700.0,84448.2,84659.9,22.02602575,exchange_ohlc
1790546400000,84660.0,84751.1,84124.2,84171.3,107.21605939,exchange_ohlc
1790550000000,84171.4,84521.2,84122.8,84444.2,51.51993888,exchange_ohlc
1790553600000,84444.2,85060.8,84120.4,84126.6,249.44583845,exchange_ohlc
1790557200000,84126.6,84201.4,83609.6,83683.8,203.49598346,exchange_ohlc
1790560800000,83683.8,83768.8,83381.8,83386.6,92.16661124,exchange_ohlc
1790564400000,83395.8,83512.7,83201.6,83319.8,106.8020807,exchange_ohlc
1790568000000,83319.9,83498.0,83214.3,83479.4,37.14640494,exchange_ohlc
1790571600000,83479.4,83516.7,82688.5,83170.3,246.05741924,exchange_ohlc
1790575200000,83167.0,83278.3,83026.5,83134.9,62.79520889,exchange_ohlc
1790578800000,83134.9,83251.2,82873.1,82931.3,84.90424143,exchange_ohlc
1790582400000,82928.8,83116.1,82742.5,82923.5,146.62887102,exchange_ohlc
1790586000000,82923.5,82965.0,82566.4,82632.9,126.18327209,exchange_ohlc
1790589600000,82632.9,83004.4,82632.9,82920.4,112.40586519,exchange_ohlc
1790593200000,82920.4,83072.3,82920.4,83062.3,68.54070138,exchange_ohlc
1790596800000,83062.2,83609.7,82990.0,83559.6,156.89294713,exchange_ohlc
1790600400000,83559.9,83795.5,83281.6,83623.6,127.56865524,exchange_ohlc
1790604000000,83623.6,83625.3,82568.9,82998.6,230.33793959,exchange_ohlc
1790607600000,82998.6,83379.1,82776.2,83340.3,151.69019695,exchange_ohlc
1790611200000,83339.8,84164.2,83225.8,83700.1,188.63924792,exchange_ohlc
1790614800000,83700.1,84338.1,83534.6,83844.8,208.44976357,exchange_ohlc
1790618400000,83844.8,84021.1,83770.0,84013.9,99.67972272,exchange_ohlc
1790622000000,84011.0,84018.3,83081.9,83350.2,209.62693469,exchange_ohlc
1790625600000,83351.0,83578.2,83222.8,83502.9,131.78609781,exchange_ohlc
1790629200000,83503.0,83623.7,83280.9,83286.6,34.13373143,exchange_ohlc
